Delta,Time,CPU_FREQUENCY_0,CPU_FREQUENCY_1,CPU_FREQUENCY_10,CPU_FREQUENCY_11,CPU_FREQUENCY_2,CPU_FREQUENCY_3,CPU_FREQUENCY_4,CPU_FREQUENCY_5,CPU_FREQUENCY_6,CPU_FREQUENCY_7,CPU_FREQUENCY_8,CPU_FREQUENCY_9,CPU_TEMP_0,CPU_TEMP_1,CPU_TEMP_2,CPU_TEMP_3,CPU_TEMP_4,CPU_TEMP_5,CPU_TEMP_6,CPU_TEMP_7,CPU_USAGE_0,CPU_USAGE_1,CPU_USAGE_10,CPU_USAGE_11,CPU_USAGE_2,CPU_USAGE_3,CPU_USAGE_4,CPU_USAGE_5,CPU_USAGE_6,CPU_USAGE_7,CPU_USAGE_8,CPU_USAGE_9,SYSTEM_POWER (Watts),TOTAL_MEMORY,TOTAL_SWAP,USED_MEMORY,USED_SWAP
0,1758822151759,3504,3504,3504,3504,3504,3504,3504,3504,3504,3504,3504,3504,63.429779052734375,63.26575469970703,61.23735809326172,60.427490234375,63.406009674072266,60.848899841308594,60.61068344116211,63.117759704589844,0,0,0,0,100,50,0,0,0,0,0,0,11.256145477294922,34359738368,3221225472,18959695872,1475739648
204,1758822151759,3504,3504,3504,3504,3504,3504,3504,3504,3504,3504,3504,3504,63.429779052734375,63.26575469970703,61.23735809326172,60.427490234375,63.406009674072266,60.848899841308594,60.61068344116211,63.117759704589844,NaN,NaN,NaN,NaN,0,NaN,0,0,NaN,0,NaN,NaN,11.256145477294922,34359738368,3221225472,18959826944,1475739648
204,1758822151964,3504,3504,3504,3504,3504,3504,3504,3504,3504,3504,3504,3504,63.429779052734375,63.26575469970703,61.23735809326172,60.427490234375,63.406009674072266,60.848899841308594,60.61068344116211,63.117759704589844,19.047618865966797,18.18181800842285,4.761904716491699,0,10.526315689086914,15.000000953674316,47.36842346191406,23.809524536132813,23.809524536132813,15.000000953674316,13.636363983154297,9.090909004211426,11.256145477294922,34359738368,3221225472,18959826944,1475739648
204,1758822152169,3504,3504,3504,3504,3504,3504,3504,3504,3504,3504,3504,3504,63.429779052734375,63.26575469970703,61.23735809326172,60.427490234375,63.406009674072266,60.848899841308594,60.61068344116211,63.117759704589844,26.3157901763916,25,0,4.761904716491699,23.809524536132813,20,47.619049072265625,15.000000953674316,9.523809432983398,10,5.263157844543457,0,9.30263900756836,34359738368,3221225472,18959826944,1475739648
8,1758822152374,3504,3504,3504,3504,3504,3504,3504,3504,3504,3504,3504,3504,63.429779052734375,63.26575469970703,61.23735809326172,60.427490234375,63.406009674072266,60.848899841308594,60.61068344116211,63.117759704589844,22.72727394104004,25,0,0,20,19.047618865966797,10,19.047618865966797,5,4.545454502105713,4.761904716491699,0,9.30263900756836,34359738368,3221225472,18965430272,1475739648
