Delta,Time,CPU_FREQUENCY_0,CPU_FREQUENCY_1,CPU_FREQUENCY_10,CPU_FREQUENCY_11,CPU_FREQUENCY_2,CPU_FREQUENCY_3,CPU_FREQUENCY_4,CPU_FREQUENCY_5,CPU_FREQUENCY_6,CPU_FREQUENCY_7,CPU_FREQUENCY_8,CPU_FREQUENCY_9,CPU_TEMP_0,CPU_TEMP_1,CPU_TEMP_2,CPU_TEMP_3,CPU_TEMP_4,CPU_TEMP_5,CPU_TEMP_6,CPU_TEMP_7,CPU_USAGE_0,CPU_USAGE_1,CPU_USAGE_10,CPU_USAGE_11,CPU_USAGE_2,CPU_USAGE_3,CPU_USAGE_4,CPU_USAGE_5,CPU_USAGE_6,CPU_USAGE_7,CPU_USAGE_8,CPU_USAGE_9,SYSTEM_POWER (Watts),TOTAL_MEMORY,TOTAL_SWAP,USED_MEMORY,USED_SWAP
0,1758822142410,3504,3504,3504,3504,3504,3504,3504,3504,3504,3504,3504,3504,63.95670700073242,63.816184997558594,61.94521713256836,60.99361801147461,64.33024597167969,61.76538848876953,61.28211975097656,64.1097183227539,0,100,0,NaN,NaN,0,NaN,NaN,NaN,NaN,0,0,9.816158294677734,34359738368,3221225472,18973769728,1475739648
204,1758822142410,3504,3504,3504,3504,3504,3504,3504,3504,3504,3504,3504,3504,63.95670700073242,63.816184997558594,61.94521713256836,60.99361801147461,64.33024597167969,61.76538848876953,61.28211975097656,64.1097183227539,0,0,0,0,0,0,100,0,0,0,0,0,9.816158294677734,34359738368,3221225472,18973835264,1475739648
204,1758822142615,3504,3504,3504,3504,3504,3504,3504,3504,3504,3504,3504,3504,64.84486389160156,64.8673095703125,62.663047790527344,61.639183044433594,64.61180877685547,61.961124420166016,61.44094467163086,64.28773498535156,25,19.047618865966797,0,0,19.047618865966797,10,42.85714340209961,42.85714340209961,14.285715103149414,13.636363983154297,15.000000953674316,0,9.816158294677734,34359738368,3221225472,19006013440,1475739648
204,1758822142820,3504,3504,3504,3504,3504,3504,3504,3504,3504,3504,3504,3504,64.84486389160156,64.8673095703125,62.663047790527344,61.639183044433594,64.61180877685547,61.961124420166016,61.44094467163086,64.28773498535156,33.333335876464844,25,0,0,23.809524536132813,15.000000953674316,50,25,5,15.000000953674316,10,0,9.816158294677734,34359738368,3221225472,19008651264,1475739648
9,1758822143025,3504,3504,3504,3504,3504,3504,3504,3504,3504,3504,3504,3504,64.84486389160156,64.8673095703125,62.663047790527344,61.639183044433594,64.61180877685547,61.961124420166016,61.44094467163086,64.28773498535156,21.052631378173828,23.809524536132813,0,0,20,19.047618865966797,15.000000953674316,9.523809432983398,4.761904716491699,4.761904716491699,0,0,10.899978637695313,34359738368,3221225472,18969313280,1475739648
