Delta,Time,CPU_FREQUENCY_0,CPU_FREQUENCY_1,CPU_FREQUENCY_10,CPU_FREQUENCY_11,CPU_FREQUENCY_2,CPU_FREQUENCY_3,CPU_FREQUENCY_4,CPU_FREQUENCY_5,CPU_FREQUENCY_6,CPU_FREQUENCY_7,CPU_FREQUENCY_8,CPU_FREQUENCY_9,CPU_TEMP_0,CPU_TEMP_1,CPU_TEMP_2,CPU_TEMP_3,CPU_TEMP_4,CPU_TEMP_5,CPU_TEMP_6,CPU_TEMP_7,CPU_USAGE_0,CPU_USAGE_1,CPU_USAGE_10,CPU_USAGE_11,CPU_USAGE_2,CPU_USAGE_3,CPU_USAGE_4,CPU_USAGE_5,CPU_USAGE_6,CPU_USAGE_7,CPU_USAGE_8,CPU_USAGE_9,SYSTEM_POWER (Watts),TOTAL_MEMORY,TOTAL_SWAP,USED_MEMORY,USED_SWAP
0,1758822129038,3504,3504,3504,3504,3504,3504,3504,3504,3504,3504,3504,3504,64.17101287841797,64.03646087646484,62.16523361206055,61.30001449584961,64.51667022705078,61.97713851928711,61.46501159667969,64.37118530273438,50,NaN,0,0,0,0,0,0,NaN,0,0,0,10.356330871582031,34359738368,3221225472,18969788416,1475739648
202,1758822129038,3504,3504,3504,3504,3504,3504,3504,3504,3504,3504,3504,3504,64.17101287841797,64.03646087646484,62.16523361206055,61.30001449584961,64.51667022705078,61.97713851928711,61.46501159667969,64.37118530273438,NaN,NaN,NaN,NaN,NaN,NaN,NaN,100,0,0,0,0,10.356330871582031,34359738368,3221225472,18970345472,1475739648
203,1758822129241,3504,3504,3504,3504,3504,3504,3504,3504,3504,3504,3504,3504,64.17101287841797,64.03646087646484,62.16523361206055,61.30001449584961,64.51667022705078,61.97713851928711,61.46501159667969,64.37118530273438,20,14.285715103149414,0,0,10,0,55,25,19.047618865966797,20,15.000000953674316,10,10.356330871582031,34359738368,3221225472,18992447488,1475739648
204,1758822129444,3504,3504,3504,3504,3504,3504,3504,3504,3504,3504,3504,3504,64.17101287841797,64.03646087646484,62.16523361206055,61.30001449584961,64.51667022705078,61.97713851928711,61.46501159667969,64.37118530273438,25,30.000001907348633,0,0,20,22.72727394104004,45,15.000000953674316,5.263157844543457,20,5,0,10.356330871582031,34359738368,3221225472,18999984128,1475739648
6,1758822129649,3504,3504,3504,3504,3504,3504,3504,3504,3504,3504,3504,3504,69.06072998046875,70.0181655883789,66.71699523925781,65.2623519897461,67.7406234741211,64.75936889648438,64.66462707519531,68.51995849609375,30.000001907348633,25,0,0,28.571430206298828,15.000000953674316,19.047618865966797,10,5,5,0,0,10.356330871582031,34359738368,3221225472,18962595840,1475739648
