Delta,Time,CPU_FREQUENCY_0,CPU_FREQUENCY_1,CPU_FREQUENCY_10,CPU_FREQUENCY_11,CPU_FREQUENCY_2,CPU_FREQUENCY_3,CPU_FREQUENCY_4,CPU_FREQUENCY_5,CPU_FREQUENCY_6,CPU_FREQUENCY_7,CPU_FREQUENCY_8,CPU_FREQUENCY_9,CPU_TEMP_0,CPU_TEMP_1,CPU_TEMP_2,CPU_TEMP_3,CPU_TEMP_4,CPU_TEMP_5,CPU_TEMP_6,CPU_TEMP_7,CPU_USAGE_0,CPU_USAGE_1,CPU_USAGE_10,CPU_USAGE_11,CPU_USAGE_2,CPU_USAGE_3,CPU_USAGE_4,CPU_USAGE_5,CPU_USAGE_6,CPU_USAGE_7,CPU_USAGE_8,CPU_USAGE_9,SYSTEM_POWER (Watts),TOTAL_MEMORY,TOTAL_SWAP,USED_MEMORY,USED_SWAP
0,1758822157990,3504,3504,3504,3504,3504,3504,3504,3504,3504,3504,3504,3504,6.699999809265137,6.699999809265137,4.632999897003174,4.632999897003174,6.699999809265137,4.632999897003174,4.632999897003174,6.699999809265137,100,0,0,0,NaN,0,0,0,0,0,0,0,14.166923522949219,34359738368,3221225472,18981978112,1475739648
200,1758822157990,3504,3504,3504,3504,3504,3504,3504,3504,3504,3504,3504,3504,6.699999809265137,6.699999809265137,4.632999897003174,4.632999897003174,6.699999809265137,4.632999897003174,4.632999897003174,6.699999809265137,0,0,50,100,0,0,0,0,0,0,NaN,0,14.166923522949219,34359738368,3221225472,18982076416,1475739648
201,1758822158191,3504,3504,3504,3504,3504,3504,3504,3504,3504,3504,3504,3504,6.699999809265137,6.699999809265137,4.632999897003174,4.632999897003174,6.699999809265137,4.632999897003174,4.632999897003174,6.699999809265137,21.052631378173828,15.789472579956055,35,33.333335876464844,10,23.809524536132813,21.052631378173828,20,19.047618865966797,20,47.619049072265625,42.85714340209961,8.609428405761719,34359738368,3221225472,19011829760,1475739648
204,1758822158392,3504,3504,3504,3504,3504,3504,3504,3504,3504,3504,3504,3504,6.699999809265137,6.699999809265137,4.632999897003174,4.632999897003174,6.699999809265137,4.632999897003174,4.632999897003174,6.699999809265137,33.333335876464844,23.809524536132813,33.333335876464844,33.333335876464844,15.000000953674316,20,33.333335876464844,25,21.052631378173828,30.000001907348633,55,40,8.609428405761719,34359738368,3221225472,19014483968,1475739648
9,1758822158597,3504,3504,3504,3504,3504,3504,3504,3504,3504,3504,3504,3504,6.699999809265137,6.699999809265137,4.632999897003174,4.632999897003174,6.699999809265137,4.632999897003174,4.632999897003174,6.699999809265137,25,20,13.636363983154297,9.523809432983398,15.000000953674316,20,0,0,0,0,28.571430206298828,10,8.609428405761719,34359738368,3221225472,18977538048,1475739648
