Delta,Time,CPU_FREQUENCY_0,CPU_FREQUENCY_1,CPU_FREQUENCY_10,CPU_FREQUENCY_11,CPU_FREQUENCY_2,CPU_FREQUENCY_3,CPU_FREQUENCY_4,CPU_FREQUENCY_5,CPU_FREQUENCY_6,CPU_FREQUENCY_7,CPU_FREQUENCY_8,CPU_FREQUENCY_9,CPU_TEMP_0,CPU_TEMP_1,CPU_TEMP_2,CPU_TEMP_3,CPU_TEMP_4,CPU_TEMP_5,CPU_TEMP_6,CPU_TEMP_7,CPU_USAGE_0,CPU_USAGE_1,CPU_USAGE_10,CPU_USAGE_11,CPU_USAGE_2,CPU_USAGE_3,CPU_USAGE_4,CPU_USAGE_5,CPU_USAGE_6,CPU_USAGE_7,CPU_USAGE_8,CPU_USAGE_9,SYSTEM_POWER (Watts),TOTAL_MEMORY,TOTAL_SWAP,USED_MEMORY,USED_SWAP
0,1758822139300,3504,3504,3504,3504,3504,3504,3504,3504,3504,3504,3504,3504,64.52813720703125,64.40607452392578,62.53847885131836,61.70240020751953,64.8526840209961,62.16600799560547,61.810787200927734,64.71224975585938,50,0,0,0,50,0,0,0,0,0,0,0,10.169708251953125,34359738368,3221225472,18970755072,1475739648
204,1758822139300,3504,3504,3504,3504,3504,3504,3504,3504,3504,3504,3504,3504,64.52813720703125,64.40607452392578,62.53847885131836,61.70240020751953,64.8526840209961,62.16600799560547,61.810787200927734,64.71224975585938,0,100,0,NaN,100,0,0,NaN,0,0,0,0,10.169708251953125,34359738368,3221225472,18970755072,1475739648
204,1758822139505,3504,3504,3504,3504,3504,3504,3504,3504,3504,3504,3504,3504,64.52813720703125,64.40607452392578,62.53847885131836,61.70240020751953,64.8526840209961,62.16600799560547,61.810787200927734,64.71224975585938,20,20,0,0,15.000000953674316,10,38.095237731933594,33.333335876464844,42.85714340209961,10.526315689086914,10,10,10.169708251953125,34359738368,3221225472,18970755072,1475739648
204,1758822139710,3504,3504,3504,3504,3504,3504,3504,3504,3504,3504,3504,3504,66.93186950683594,66.84247589111328,64.35960388183594,63.43483352661133,67.02552795410156,63.81671905517578,63.156982421875,66.41988372802734,26.3157901763916,33.333335876464844,0,0,28.571430206298828,10,35,20,10.526315689086914,22.72727394104004,9.090909004211426,0,10.169708251953125,34359738368,3221225472,18970755072,1475739648
9,1758822139915,3504,3504,3504,3504,3504,3504,3504,3504,3504,3504,3504,3504,66.93186950683594,66.84247589111328,64.35960388183594,63.43483352661133,67.02552795410156,63.81671905517578,63.156982421875,66.41988372802734,31.81818199157715,28.571430206298828,0,0,20,19.047618865966797,9.523809432983398,14.285715103149414,14.285715103149414,0,0,0,10.169708251953125,34359738368,3221225472,18970755072,1475739648
