Delta,Time,CPU_FREQUENCY_0,CPU_FREQUENCY_1,CPU_FREQUENCY_10,CPU_FREQUENCY_11,CPU_FREQUENCY_2,CPU_FREQUENCY_3,CPU_FREQUENCY_4,CPU_FREQUENCY_5,CPU_FREQUENCY_6,CPU_FREQUENCY_7,CPU_FREQUENCY_8,CPU_FREQUENCY_9,CPU_TEMP_0,CPU_TEMP_1,CPU_TEMP_2,CPU_TEMP_3,CPU_TEMP_4,CPU_TEMP_5,CPU_TEMP_6,CPU_TEMP_7,CPU_USAGE_0,CPU_USAGE_1,CPU_USAGE_10,CPU_USAGE_11,CPU_USAGE_2,CPU_USAGE_3,CPU_USAGE_4,CPU_USAGE_5,CPU_USAGE_6,CPU_USAGE_7,CPU_USAGE_8,CPU_USAGE_9,SYSTEM_POWER (Watts),TOTAL_MEMORY,TOTAL_SWAP,USED_MEMORY,USED_SWAP
0,1758822145544,3504,3504,3504,3504,3504,3504,3504,3504,3504,3504,3504,3504,68.81011962890625,68.8945083618164,65.8569564819336,64.78825378417969,67.75794219970703,64.67911529541016,64.59361267089844,68.58233642578125,50,0,0,0,0,0,0,0,0,0,0,0,13.920974731445313,34359738368,3221225472,18950078464,1475739648
204,1758822145544,3504,3504,3504,3504,3504,3504,3504,3504,3504,3504,3504,3504,64.31282806396484,64.29569244384766,62.30404281616211,61.334381103515625,64.48505401611328,61.883079528808594,61.384761810302734,64.27592468261719,0,0,0,0,0,33.333335876464844,50,50,50,0,0,0,13.920974731445313,34359738368,3221225472,18950078464,1475739648
204,1758822145749,3504,3504,3504,3504,3504,3504,3504,3504,3504,3504,3504,3504,64.31282806396484,64.29569244384766,62.30404281616211,61.334381103515625,64.48505401611328,61.883079528808594,61.384761810302734,64.27592468261719,15.000000953674316,23.809524536132813,0,4.761904716491699,14.285715103149414,10,28.571430206298828,31.81818199157715,23.809524536132813,20,14.285715103149414,0,13.920974731445313,34359738368,3221225472,18950078464,1475739648
204,1758822145954,3504,3504,3504,3504,3504,3504,3504,3504,3504,3504,3504,3504,64.31282806396484,64.29569244384766,62.30404281616211,61.334381103515625,64.48505401611328,61.883079528808594,61.384761810302734,64.27592468261719,30.000001907348633,30.000001907348633,0,0,33.333335876464844,15.000000953674316,52.38095474243164,25,5.263157844543457,9.523809432983398,0,0,13.920974731445313,34359738368,3221225472,18950078464,1475739648
10,1758822146159,3504,3504,3504,3504,3504,3504,3504,3504,3504,3504,3504,3504,64.31282806396484,64.29569244384766,62.30404281616211,61.334381103515625,64.48505401611328,61.883079528808594,61.384761810302734,64.27592468261719,25,23.809524536132813,0,0,15.789472579956055,14.285715103149414,15.000000953674316,5,4.761904716491699,0,0,0,16.89804458618164,34359738368,3221225472,18953764864,1475739648
