Delta,Time,CPU_FREQUENCY_0,CPU_FREQUENCY_1,CPU_FREQUENCY_10,CPU_FREQUENCY_11,CPU_FREQUENCY_2,CPU_FREQUENCY_3,CPU_FREQUENCY_4,CPU_FREQUENCY_5,CPU_FREQUENCY_6,CPU_FREQUENCY_7,CPU_FREQUENCY_8,CPU_FREQUENCY_9,CPU_TEMP_0,CPU_TEMP_1,CPU_TEMP_2,CPU_TEMP_3,CPU_TEMP_4,CPU_TEMP_5,CPU_TEMP_6,CPU_TEMP_7,CPU_USAGE_0,CPU_USAGE_1,CPU_USAGE_10,CPU_USAGE_11,CPU_USAGE_2,CPU_USAGE_3,CPU_USAGE_4,CPU_USAGE_5,CPU_USAGE_6,CPU_USAGE_7,CPU_USAGE_8,CPU_USAGE_9,SYSTEM_POWER (Watts),TOTAL_MEMORY,TOTAL_SWAP,USED_MEMORY,USED_SWAP
0,1760280219217,3504,3504,3504,3504,3504,3504,3504,3504,3504,3504,3504,3504,6.699999809265137,6.699999809265137,4.632999897003174,4.632999897003174,6.699999809265137,4.632999897003174,4.632999897003174,6.699999809265137,60.000003814697266,60.000003814697266,0,0,50,83.33332824707031,0,0,0,0,0,0,2.5609683990478516,34359738368,2147483648,13569835008,334757888
209,1760280219217,3504,3504,3504,3504,3504,3504,3504,3504,3504,3504,3504,3504,6.699999809265137,6.699999809265137,4.632999897003174,4.632999897003174,6.699999809265137,4.632999897003174,4.632999897003174,6.699999809265137,NaN,100,0,0,100,NaN,0,NaN,0,0,0,0,2.5609683990478516,34359738368,2147483648,13570949120,334757888
9,1760280219428,3504,3504,3504,3504,3504,3504,3504,3504,3504,3504,3504,3504,6.699999809265137,6.699999809265137,4.632999897003174,4.632999897003174,6.699999809265137,4.632999897003174,4.632999897003174,6.699999809265137,57.142860412597656,60.000003814697266,0,0,15.000000953674316,90.90909576416016,9.523809432983398,4.545454502105713,0,0,0,0,2.5609683990478516,34359738368,2147483648,13570080768,334757888
