Delta,Time,CPU_FREQUENCY_0,CPU_FREQUENCY_1,CPU_FREQUENCY_10,CPU_FREQUENCY_11,CPU_FREQUENCY_2,CPU_FREQUENCY_3,CPU_FREQUENCY_4,CPU_FREQUENCY_5,CPU_FREQUENCY_6,CPU_FREQUENCY_7,CPU_FREQUENCY_8,CPU_FREQUENCY_9,CPU_TEMP_0,CPU_TEMP_1,CPU_TEMP_2,CPU_TEMP_3,CPU_TEMP_4,CPU_TEMP_5,CPU_TEMP_6,CPU_TEMP_7,CPU_USAGE_0,CPU_USAGE_1,CPU_USAGE_10,CPU_USAGE_11,CPU_USAGE_2,CPU_USAGE_3,CPU_USAGE_4,CPU_USAGE_5,CPU_USAGE_6,CPU_USAGE_7,CPU_USAGE_8,CPU_USAGE_9,SYSTEM_POWER (Watts),TOTAL_MEMORY,TOTAL_SWAP,USED_MEMORY,USED_SWAP
0,1760281003236,3504,3504,3504,3504,3504,3504,3504,3504,3504,3504,3504,3504,6.700079917907715,6.699999809265137,4.632999897003174,4.632999897003174,6.699999809265137,4.632999897003174,4.632999897003174,6.699999809265137,33.333335876464844,80,0,0,20,40,0,0,0,0,0,0,2.527531147003174,34359738368,2147483648,13482622976,334757888
209,1760281003237,3504,3504,3504,3504,3504,3504,3504,3504,3504,3504,3504,3504,6.700079917907715,6.699999809265137,4.632999897003174,4.632999897003174,6.699999809265137,4.632999897003174,4.632999897003174,6.699999809265137,100,NaN,NaN,0,100,0,0,0,NaN,0,0,0,2.527531147003174,34359738368,2147483648,13483786240,334757888
10,1760281003447,3504,3504,3504,3504,3504,3504,3504,3504,3504,3504,3504,3504,6.700079917907715,6.699999809265137,4.632999897003174,4.632999897003174,6.699999809265137,4.632999897003174,4.632999897003174,6.699999809265137,50,36.3636360168457,0,0,38.095237731933594,23.809524536132813,0,0,0,0,9.523809432983398,0,2.527531147003174,34359738368,2147483648,13474922496,334757888
