Delta,Time,CPU_FREQUENCY_0,CPU_FREQUENCY_1,CPU_FREQUENCY_10,CPU_FREQUENCY_11,CPU_FREQUENCY_2,CPU_FREQUENCY_3,CPU_FREQUENCY_4,CPU_FREQUENCY_5,CPU_FREQUENCY_6,CPU_FREQUENCY_7,CPU_FREQUENCY_8,CPU_FREQUENCY_9,CPU_TEMP_0,CPU_TEMP_1,CPU_TEMP_2,CPU_TEMP_3,CPU_TEMP_4,CPU_TEMP_5,CPU_TEMP_6,CPU_TEMP_7,CPU_USAGE_0,CPU_USAGE_1,CPU_USAGE_10,CPU_USAGE_11,CPU_USAGE_2,CPU_USAGE_3,CPU_USAGE_4,CPU_USAGE_5,CPU_USAGE_6,CPU_USAGE_7,CPU_USAGE_8,CPU_USAGE_9,SYSTEM_POWER (Watts),TOTAL_MEMORY,TOTAL_SWAP,USED_MEMORY,USED_SWAP
0,1758822822437,3504,3504,3504,3504,3504,3504,3504,3504,3504,3504,3504,3504,65.8466567993164,66.41355895996094,63.62514114379883,62.42973327636719,65.54975128173828,62.535587310791016,61.949256896972656,64.8612060546875,0,0,0,0,0,0,50,0,0,0,0,0,9.674102783203125,34359738368,3221225472,18052874240,1458962432
203,1758822822437,3504,3504,3504,3504,3504,3504,3504,3504,3504,3504,3504,3504,65.8466567993164,66.41355895996094,63.62514114379883,62.42973327636719,65.54975128173828,62.535587310791016,61.949256896972656,64.8612060546875,0,NaN,0,0,66.66667175292969,50,0,50,0,0,NaN,0,9.674102783203125,34359738368,3221225472,18052874240,1458962432
9,1758822822641,3504,3504,3504,3504,3504,3504,3504,3504,3504,3504,3504,3504,63.696380615234375,63.566829681396484,61.53627014160156,60.65747833251953,63.70855712890625,61.16357421875,61.08171081542969,63.74544906616211,23.809524536132813,27.272727966308594,5,0,10.526315689086914,5,20,25,14.285715103149414,28.571430206298828,10,4.761904716491699,9.674102783203125,34359738368,3221225472,18052874240,1458962432
