Delta,Time,CPU_FREQUENCY_0,CPU_FREQUENCY_1,CPU_FREQUENCY_10,CPU_FREQUENCY_11,CPU_FREQUENCY_2,CPU_FREQUENCY_3,CPU_FREQUENCY_4,CPU_FREQUENCY_5,CPU_FREQUENCY_6,CPU_FREQUENCY_7,CPU_FREQUENCY_8,CPU_FREQUENCY_9,CPU_TEMP_0,CPU_TEMP_1,CPU_TEMP_2,CPU_TEMP_3,CPU_TEMP_4,CPU_TEMP_5,CPU_TEMP_6,CPU_TEMP_7,CPU_USAGE_0,CPU_USAGE_1,CPU_USAGE_10,CPU_USAGE_11,CPU_USAGE_2,CPU_USAGE_3,CPU_USAGE_4,CPU_USAGE_5,CPU_USAGE_6,CPU_USAGE_7,CPU_USAGE_8,CPU_USAGE_9,SYSTEM_POWER (Watts),TOTAL_MEMORY,TOTAL_SWAP,USED_MEMORY,USED_SWAP
0,1758822825089,3504,3504,3504,3504,3504,3504,3504,3504,3504,3504,3504,3504,63.03721618652344,62.822723388671875,60.87901306152344,60.13288879394531,63.21097946166992,60.615203857421875,60.41039276123047,62.87145233154297,0,50,0,0,NaN,0,0,0,0,0,0,0,10.270267486572266,34359738368,3221225472,18063343616,1458962432
202,1758822825090,3504,3504,3504,3504,3504,3504,3504,3504,3504,3504,3504,3504,63.03721618652344,62.822723388671875,60.87901306152344,60.13288879394531,63.21097946166992,60.615203857421875,60.41039276123047,62.87145233154297,100,100,0,0,0,0,0,0,0,0,0,0,10.270267486572266,34359738368,3221225472,18063343616,1458962432
204,1758822825292,3504,3504,3504,3504,3504,3504,3504,3504,3504,3504,3504,3504,63.03721618652344,62.822723388671875,60.87901306152344,60.13288879394531,63.21097946166992,60.615203857421875,60.41039276123047,62.87145233154297,25,23.809524536132813,0,5,15.000000953674316,10,30.000001907348633,28.571430206298828,40,15.000000953674316,10,5,10.270267486572266,34359738368,3221225472,18063343616,1458962432
12,1758822825497,3504,3504,3504,3504,3504,3504,3504,3504,3504,3504,3504,3504,63.03721618652344,62.822723388671875,60.87901306152344,60.13288879394531,63.21097946166992,60.615203857421875,60.41039276123047,62.87145233154297,20,21.052631378173828,4.761904716491699,0,14.285715103149414,14.285715103149414,25,21.052631378173828,25,14.285715103149414,5,4.761904716491699,10.270267486572266,34359738368,3221225472,18063343616,1458962432
