Delta,Time,CPU_FREQUENCY_0,CPU_FREQUENCY_1,CPU_FREQUENCY_10,CPU_FREQUENCY_11,CPU_FREQUENCY_2,CPU_FREQUENCY_3,CPU_FREQUENCY_4,CPU_FREQUENCY_5,CPU_FREQUENCY_6,CPU_FREQUENCY_7,CPU_FREQUENCY_8,CPU_FREQUENCY_9,CPU_TEMP_0,CPU_TEMP_1,CPU_TEMP_2,CPU_TEMP_3,CPU_TEMP_4,CPU_TEMP_5,CPU_TEMP_6,CPU_TEMP_7,CPU_USAGE_0,CPU_USAGE_1,CPU_USAGE_10,CPU_USAGE_11,CPU_USAGE_2,CPU_USAGE_3,CPU_USAGE_4,CPU_USAGE_5,CPU_USAGE_6,CPU_USAGE_7,CPU_USAGE_8,CPU_USAGE_9,SYSTEM_POWER (Watts),TOTAL_MEMORY,TOTAL_SWAP,USED_MEMORY,USED_SWAP
0,1758822789490,3504,3504,3504,3504,3504,3504,3504,3504,3504,3504,3504,3504,67.36026763916016,66.99945068359375,64.89820098876953,64.02761840820313,67.13823699951172,64.59149932861328,64.27754974365234,67.69143676757813,0,100,0,0,NaN,0,100,0,0,0,0,NaN,15.880741119384766,34359738368,3221225472,18374868992,1458962432
204,1758822789490,3504,3504,3504,3504,3504,3504,3504,3504,3504,3504,3504,3504,67.36026763916016,66.99945068359375,64.89820098876953,64.02761840820313,67.13823699951172,64.59149932861328,64.27754974365234,67.69143676757813,100,0,0,0,0,0,50,100,50,0,0,0,15.880741119384766,34359738368,3221225472,18374868992,1458962432
204,1758822789695,3504,3504,3504,3504,3504,3504,3504,3504,3504,3504,3504,3504,66.09562683105469,65.92970275878906,63.88214874267578,62.93184280395508,65.88516998291016,63.553958892822266,63.10359191894531,66.17416381835938,23.809524536132813,15.000000953674316,4.761904716491699,5,19.047618865966797,14.285715103149414,40,23.809524536132813,15.789472579956055,15.000000953674316,30.000001907348633,5,15.880741119384766,34359738368,3221225472,18374868992,1458962432
9,1758822789900,3504,3504,3504,3504,3504,3504,3504,3504,3504,3504,3504,3504,66.09562683105469,65.92970275878906,63.88214874267578,62.93184280395508,65.88516998291016,63.553958892822266,63.10359191894531,66.17416381835938,15.789472579956055,20,5,0,20,15.789472579956055,42.85714340209961,15.000000953674316,36.3636360168457,4.761904716491699,20,4.761904716491699,15.880741119384766,34359738368,3221225472,18374868992,1458962432
