Delta,Time,CPU_FREQUENCY_0,CPU_FREQUENCY_1,CPU_FREQUENCY_10,CPU_FREQUENCY_11,CPU_FREQUENCY_2,CPU_FREQUENCY_3,CPU_FREQUENCY_4,CPU_FREQUENCY_5,CPU_FREQUENCY_6,CPU_FREQUENCY_7,CPU_FREQUENCY_8,CPU_FREQUENCY_9,CPU_TEMP_0,CPU_TEMP_1,CPU_TEMP_2,CPU_TEMP_3,CPU_TEMP_4,CPU_TEMP_5,CPU_TEMP_6,CPU_TEMP_7,CPU_USAGE_0,CPU_USAGE_1,CPU_USAGE_10,CPU_USAGE_11,CPU_USAGE_2,CPU_USAGE_3,CPU_USAGE_4,CPU_USAGE_5,CPU_USAGE_6,CPU_USAGE_7,CPU_USAGE_8,CPU_USAGE_9,SYSTEM_POWER (Watts),TOTAL_MEMORY,TOTAL_SWAP,USED_MEMORY,USED_SWAP
0,1758822783498,3504,3504,3504,3504,3504,3504,3504,3504,3504,3504,3504,3504,70.44731903076172,70.12126922607422,67.62347412109375,66.70059204101563,69.50933837890625,66.68082427978516,66.23403930664063,69.75901794433594,50,0,0,0,0,0,0,0,0,0,0,0,16.737648010253906,34359738368,3221225472,18400559104,1458962432
204,1758822783498,3504,3504,3504,3504,3504,3504,3504,3504,3504,3504,3504,3504,70.44731903076172,70.12126922607422,67.62347412109375,66.70059204101563,69.50933837890625,66.68082427978516,66.23403930664063,69.75901794433594,NaN,NaN,0,0,0,NaN,NaN,0,0,NaN,NaN,NaN,16.737648010253906,34359738368,3221225472,18401345536,1458962432
204,1758822783703,3504,3504,3504,3504,3504,3504,3504,3504,3504,3504,3504,3504,67.56929779052734,67.36434936523438,65.36890411376953,64.3570556640625,67.34584045410156,64.89253997802734,64.26701354980469,67.36650085449219,28.571430206298828,23.809524536132813,4.761904716491699,0,20,14.285715103149414,28.571430206298828,38.095237731933594,28.571430206298828,14.285715103149414,25,9.523809432983398,16.737648010253906,34359738368,3221225472,18423529472,1458962432
202,1758822783907,3504,3504,3504,3504,3504,3504,3504,3504,3504,3504,3504,3504,67.56929779052734,67.36434936523438,65.36890411376953,64.3570556640625,67.34584045410156,64.89253997802734,64.26701354980469,67.36650085449219,30.000001907348633,25,10,5,19.047618865966797,19.047618865966797,50,15.789472579956055,10.526315689086914,19.047618865966797,33.333335876464844,19.047618865966797,16.737648010253906,34359738368,3221225472,18427052032,1458962432
7,1758822784111,3504,3504,3504,3504,3504,3504,3504,3504,3504,3504,3504,3504,67.56929779052734,67.36434936523438,65.36890411376953,64.3570556640625,67.34584045410156,64.89253997802734,64.26701354980469,67.36650085449219,25,20,0,5,15.789472579956055,15.000000953674316,28.571430206298828,9.523809432983398,9.090909004211426,0,0,0,14.375106811523438,34359738368,3221225472,18409259008,1458962432
