Delta,Time,CPU_FREQUENCY_0,CPU_FREQUENCY_1,CPU_FREQUENCY_10,CPU_FREQUENCY_11,CPU_FREQUENCY_2,CPU_FREQUENCY_3,CPU_FREQUENCY_4,CPU_FREQUENCY_5,CPU_FREQUENCY_6,CPU_FREQUENCY_7,CPU_FREQUENCY_8,CPU_FREQUENCY_9,CPU_TEMP_0,CPU_TEMP_1,CPU_TEMP_2,CPU_TEMP_3,CPU_TEMP_4,CPU_TEMP_5,CPU_TEMP_6,CPU_TEMP_7,CPU_USAGE_0,CPU_USAGE_1,CPU_USAGE_10,CPU_USAGE_11,CPU_USAGE_2,CPU_USAGE_3,CPU_USAGE_4,CPU_USAGE_5,CPU_USAGE_6,CPU_USAGE_7,CPU_USAGE_8,CPU_USAGE_9,SYSTEM_POWER (Watts),TOTAL_MEMORY,TOTAL_SWAP,USED_MEMORY,USED_SWAP
0,1758822798145,3504,3504,3504,3504,3504,3504,3504,3504,3504,3504,3504,3504,6.699999809265137,6.699999809265137,4.632999897003174,4.632999897003174,6.699999809265137,4.632999897003174,4.632999897003174,6.699999809265137,NaN,0,0,0,0,0,0,0,0,0,0,0,9.749435424804688,34359738368,3221225472,18389204992,1458962432
204,1758822798145,3504,3504,3504,3504,3504,3504,3504,3504,3504,3504,3504,3504,6.699999809265137,6.699999809265137,4.632999897003174,4.632999897003174,6.699999809265137,4.632999897003174,4.632999897003174,6.699999809265137,0,50,0,0,0,0,0,0,0,0,0,100,9.749435424804688,34359738368,3221225472,18389401600,1458962432
202,1758822798350,3504,3504,3504,3504,3504,3504,3504,3504,3504,3504,3504,3504,6.699999809265137,6.699999809265137,4.632999897003174,4.632999897003174,6.699999809265137,4.632999897003174,4.632999897003174,6.699999809265137,28.571430206298828,15.789472579956055,28.571430206298828,23.809524536132813,20,15.000000953674316,5,0,9.523809432983398,0,35,14.285715103149414,9.749435424804688,34359738368,3221225472,18389401600,1458962432
27,1758822798553,3504,3504,3504,3504,3504,3504,3504,3504,3504,3504,3504,3504,65.53913879394531,65.2800521850586,63.235618591308594,62.37639617919922,65.36726379394531,63.01663589477539,62.670166015625,65.71673583984375,19.047618865966797,19.047618865966797,14.285715103149414,23.809524536132813,13.636363983154297,0,14.285715103149414,0,0,0,20,28.571430206298828,9.749435424804688,34359738368,3221225472,18389401600,1458962432
