Delta,Time,CPU_FREQUENCY_0,CPU_FREQUENCY_1,CPU_FREQUENCY_10,CPU_FREQUENCY_11,CPU_FREQUENCY_2,CPU_FREQUENCY_3,CPU_FREQUENCY_4,CPU_FREQUENCY_5,CPU_FREQUENCY_6,CPU_FREQUENCY_7,CPU_FREQUENCY_8,CPU_FREQUENCY_9,CPU_TEMP_0,CPU_TEMP_1,CPU_TEMP_2,CPU_TEMP_3,CPU_TEMP_4,CPU_TEMP_5,CPU_TEMP_6,CPU_TEMP_7,CPU_USAGE_0,CPU_USAGE_1,CPU_USAGE_10,CPU_USAGE_11,CPU_USAGE_2,CPU_USAGE_3,CPU_USAGE_4,CPU_USAGE_5,CPU_USAGE_6,CPU_USAGE_7,CPU_USAGE_8,CPU_USAGE_9,SYSTEM_POWER (Watts),TOTAL_MEMORY,TOTAL_SWAP,USED_MEMORY,USED_SWAP
0,1758822126568,3504,3504,3504,3504,3504,3504,3504,3504,3504,3504,3504,3504,64.625244140625,64.58308410644531,62.62575149536133,61.769596099853516,64.84054565429688,62.21137619018555,61.70902633666992,64.70063018798828,0,0,0,0,0,0,0,0,0,0,0,0,10.802139282226563,34359738368,3221225472,18957549568,1475739648
10,1758822126568,3504,3504,3504,3504,3504,3504,3504,3504,3504,3504,3504,3504,64.625244140625,64.58308410644531,62.62575149536133,61.769596099853516,64.84054565429688,62.21137619018555,61.70902633666992,64.70063018798828,50,0,0,0,25,0,33.333335876464844,0,50,0,33.333335876464844,0,10.802139282226563,34359738368,3221225472,18962972672,1475739648
