Delta,Time,CPU_FREQUENCY_0,CPU_FREQUENCY_1,CPU_FREQUENCY_10,CPU_FREQUENCY_11,CPU_FREQUENCY_2,CPU_FREQUENCY_3,CPU_FREQUENCY_4,CPU_FREQUENCY_5,CPU_FREQUENCY_6,CPU_FREQUENCY_7,CPU_FREQUENCY_8,CPU_FREQUENCY_9,CPU_TEMP_0,CPU_TEMP_1,CPU_TEMP_2,CPU_TEMP_3,CPU_TEMP_4,CPU_TEMP_5,CPU_TEMP_6,CPU_TEMP_7,CPU_USAGE_0,CPU_USAGE_1,CPU_USAGE_10,CPU_USAGE_11,CPU_USAGE_2,CPU_USAGE_3,CPU_USAGE_4,CPU_USAGE_5,CPU_USAGE_6,CPU_USAGE_7,CPU_USAGE_8,CPU_USAGE_9,SYSTEM_POWER (Watts),TOTAL_MEMORY,TOTAL_SWAP,USED_MEMORY,USED_SWAP
0,1758822118427,3504,3504,3504,3504,3504,3504,3504,3504,3504,3504,3504,3504,65.43221282958984,65.27066802978516,63.3568000793457,62.345367431640625,65.50145721435547,63.206634521484375,62.857505798339844,65.80877685546875,NaN,0,0,NaN,0,NaN,0,0,0,0,0,0,11.009540557861328,34359738368,3221225472,18976260096,1475739648
204,1758822118427,3504,3504,3504,3504,3504,3504,3504,3504,3504,3504,3504,3504,65.43221282958984,65.27066802978516,63.3568000793457,62.345367431640625,65.50145721435547,63.206634521484375,62.857505798339844,65.80877685546875,0,0,0,0,0,0,50,NaN,0,0,0,0,11.009540557861328,34359738368,3221225472,18974932992,1475739648
4,1758822118632,3504,3504,3504,3504,3504,3504,3504,3504,3504,3504,3504,3504,65.7603759765625,65.6069107055664,63.59419631958008,62.59637451171875,65.7842788696289,63.34992599487305,62.90581130981445,65.88841247558594,20,15.000000953674316,4.761904716491699,0,20,19.047618865966797,30.000001907348633,23.809524536132813,20,10,14.285715103149414,4.761904716491699,11.009540557861328,34359738368,3221225472,18974932992,1475739648
