Delta,Time,CPU_FREQUENCY_0,CPU_FREQUENCY_1,CPU_FREQUENCY_10,CPU_FREQUENCY_11,CPU_FREQUENCY_2,CPU_FREQUENCY_3,CPU_FREQUENCY_4,CPU_FREQUENCY_5,CPU_FREQUENCY_6,CPU_FREQUENCY_7,CPU_FREQUENCY_8,CPU_FREQUENCY_9,CPU_TEMP_0,CPU_TEMP_1,CPU_TEMP_2,CPU_TEMP_3,CPU_TEMP_4,CPU_TEMP_5,CPU_TEMP_6,CPU_TEMP_7,CPU_USAGE_0,CPU_USAGE_1,CPU_USAGE_10,CPU_USAGE_11,CPU_USAGE_2,CPU_USAGE_3,CPU_USAGE_4,CPU_USAGE_5,CPU_USAGE_6,CPU_USAGE_7,CPU_USAGE_8,CPU_USAGE_9,SYSTEM_POWER (Watts),TOTAL_MEMORY,TOTAL_SWAP,USED_MEMORY,USED_SWAP
0,1758822115737,3504,3504,3504,3504,3504,3504,3504,3504,3504,3504,3504,3504,66.16703796386719,66.06758117675781,64.11519622802734,63.11376190185547,65.95597076416016,63.7183723449707,63.31039047241211,66.43698120117188,NaN,0,0,0,0,0,50,0,0,0,0,0,18.980743408203125,34359738368,3221225472,18974998528,1475739648
204,1758822115737,3504,3504,3504,3504,3504,3504,3504,3504,3504,3504,3504,3504,66.16703796386719,66.06758117675781,64.11519622802734,63.11376190185547,65.95597076416016,63.7183723449707,63.31039047241211,66.43698120117188,0,0,0,NaN,50,NaN,100,0,NaN,0,NaN,NaN,18.980743408203125,34359738368,3221225472,18975784960,1475739648
7,1758822115942,3504,3504,3504,3504,3504,3504,3504,3504,3504,3504,3504,3504,66.16703796386719,66.06758117675781,64.11519622802734,63.11376190185547,65.95597076416016,63.7183723449707,63.31039047241211,66.43698120117188,28.571430206298828,25,0,0,20,10,25,25,5,5,0,0,18.980743408203125,34359738368,3221225472,18977980416,1475739648
