Delta,Time,CPU_FREQUENCY_0,CPU_FREQUENCY_1,CPU_FREQUENCY_10,CPU_FREQUENCY_11,CPU_FREQUENCY_2,CPU_FREQUENCY_3,CPU_FREQUENCY_4,CPU_FREQUENCY_5,CPU_FREQUENCY_6,CPU_FREQUENCY_7,CPU_FREQUENCY_8,CPU_FREQUENCY_9,CPU_TEMP_0,CPU_TEMP_1,CPU_TEMP_2,CPU_TEMP_3,CPU_TEMP_4,CPU_TEMP_5,CPU_TEMP_6,CPU_TEMP_7,CPU_USAGE_0,CPU_USAGE_1,CPU_USAGE_10,CPU_USAGE_11,CPU_USAGE_2,CPU_USAGE_3,CPU_USAGE_4,CPU_USAGE_5,CPU_USAGE_6,CPU_USAGE_7,CPU_USAGE_8,CPU_USAGE_9,SYSTEM_POWER (Watts),TOTAL_MEMORY,TOTAL_SWAP,USED_MEMORY,USED_SWAP
0,1758822123847,3504,3504,3504,3504,3504,3504,3504,3504,3504,3504,3504,3504,65.04920959472656,64.9142837524414,62.93157196044922,62.09495544433594,65.15206909179688,62.510284423828125,62.11213684082031,65.01237487792969,NaN,NaN,0,NaN,NaN,0,NaN,NaN,NaN,0,0,0,12.024993896484375,34359738368,3221225472,18968690688,1475739648
200,1758822123848,3504,3504,3504,3504,3504,3504,3504,3504,3504,3504,3504,3504,65.04920959472656,64.9142837524414,62.93157196044922,62.09495544433594,65.15206909179688,62.510284423828125,62.11213684082031,65.01237487792969,0,0,0,0,0,0,0,0,50,0,0,0,12.024993896484375,34359738368,3221225472,18969690112,1475739648
7,1758822124048,3504,3504,3504,3504,3504,3504,3504,3504,3504,3504,3504,3504,65.04920959472656,64.9142837524414,62.93157196044922,62.09495544433594,65.15206909179688,62.510284423828125,62.11213684082031,65.01237487792969,26.3157901763916,23.809524536132813,0,0,23.809524536132813,10.526315689086914,25,25,10,0,9.523809432983398,0,10.211124420166016,34359738368,3221225472,18968805376,1475739648
