Delta,Time,CPU_FREQUENCY_0,CPU_FREQUENCY_1,CPU_FREQUENCY_10,CPU_FREQUENCY_11,CPU_FREQUENCY_2,CPU_FREQUENCY_3,CPU_FREQUENCY_4,CPU_FREQUENCY_5,CPU_FREQUENCY_6,CPU_FREQUENCY_7,CPU_FREQUENCY_8,CPU_FREQUENCY_9,CPU_TEMP_0,CPU_TEMP_1,CPU_TEMP_2,CPU_TEMP_3,CPU_TEMP_4,CPU_TEMP_5,CPU_TEMP_6,CPU_TEMP_7,CPU_USAGE_0,CPU_USAGE_1,CPU_USAGE_10,CPU_USAGE_11,CPU_USAGE_2,CPU_USAGE_3,CPU_USAGE_4,CPU_USAGE_5,CPU_USAGE_6,CPU_USAGE_7,CPU_USAGE_8,CPU_USAGE_9,SYSTEM_POWER (Watts),TOTAL_MEMORY,TOTAL_SWAP,USED_MEMORY,USED_SWAP
0,1758822121123,3504,3504,3504,3504,3504,3504,3504,3504,3504,3504,3504,3504,65.18714141845703,65.06087493896484,63.07917022705078,62.15789031982422,65.34867095947266,62.82570266723633,62.53479766845703,65.32167053222656,0,0,0,0,0,0,0,0,0,0,0,0,10.01361083984375,34359738368,3221225472,18960203776,1475739648
202,1758822121123,3504,3504,3504,3504,3504,3504,3504,3504,3504,3504,3504,3504,65.18714141845703,65.06087493896484,63.07917022705078,62.15789031982422,65.34867095947266,62.82570266723633,62.53479766845703,65.32167053222656,0,NaN,0,0,0,0,0,100,0,0,100,0,10.01361083984375,34359738368,3221225472,18960203776,1475739648
8,1758822121326,3504,3504,3504,3504,3504,3504,3504,3504,3504,3504,3504,3504,65.18714141845703,65.06087493896484,63.07917022705078,62.15789031982422,65.34867095947266,62.82570266723633,62.53479766845703,65.32167053222656,21.052631378173828,23.809524536132813,0,0,15.000000953674316,15.000000953674316,19.047618865966797,20,14.285715103149414,0,5,0,10.01361083984375,34359738368,3221225472,18960203776,1475739648
