Delta,Time,CPU_FREQUENCY_0,CPU_FREQUENCY_1,CPU_FREQUENCY_10,CPU_FREQUENCY_11,CPU_FREQUENCY_2,CPU_FREQUENCY_3,CPU_FREQUENCY_4,CPU_FREQUENCY_5,CPU_FREQUENCY_6,CPU_FREQUENCY_7,CPU_FREQUENCY_8,CPU_FREQUENCY_9,CPU_TEMP_0,CPU_TEMP_1,CPU_TEMP_2,CPU_TEMP_3,CPU_TEMP_4,CPU_TEMP_5,CPU_TEMP_6,CPU_TEMP_7,CPU_USAGE_0,CPU_USAGE_1,CPU_USAGE_10,CPU_USAGE_11,CPU_USAGE_2,CPU_USAGE_3,CPU_USAGE_4,CPU_USAGE_5,CPU_USAGE_6,CPU_USAGE_7,CPU_USAGE_8,CPU_USAGE_9,SYSTEM_POWER (Watts),TOTAL_MEMORY,TOTAL_SWAP,USED_MEMORY,USED_SWAP
0,1760275566436,3504,3504,3504,3504,3504,3504,3504,3504,3504,3504,3504,3504,6.699999809265137,6.699999809265137,4.632999897003174,4.632999897003174,6.699999809265137,4.632999897003174,4.632999897003174,6.699999809265137,100,75,0,0,33.333335876464844,25,0,0,0,0,0,0,2.6283953189849854,34359738368,2147483648,13505150976,334757888
201,1760275566436,3504,3504,3504,3504,3504,3504,3504,3504,3504,3504,3504,3504,6.699999809265137,6.699999809265137,4.632999897003174,4.632999897003174,6.699999809265137,4.632999897003174,4.632999897003174,6.699999809265137,100,0,0,0,100,0,0,0,0,0,0,0,2.6283953189849854,34359738368,2147483648,13506445312,334757888
9,1760275566638,3504,3504,3504,3504,3504,3504,3504,3504,3504,3504,3504,3504,6.699999809265137,6.699999809265137,4.632999897003174,4.632999897003174,6.699999809265137,4.632999897003174,4.632999897003174,6.699999809265137,63.15789031982422,60.000003814697266,0,0,23.809524536132813,23.809524536132813,10,0,0,0,0,0,2.733525037765503,34359738368,2147483648,13513064448,334757888
