Delta,Time,CPU_FREQUENCY_0,CPU_FREQUENCY_1,CPU_FREQUENCY_10,CPU_FREQUENCY_11,CPU_FREQUENCY_2,CPU_FREQUENCY_3,CPU_FREQUENCY_4,CPU_FREQUENCY_5,CPU_FREQUENCY_6,CPU_FREQUENCY_7,CPU_FREQUENCY_8,CPU_FREQUENCY_9,CPU_TEMP_0,CPU_TEMP_1,CPU_TEMP_2,CPU_TEMP_3,CPU_TEMP_4,CPU_TEMP_5,CPU_TEMP_6,CPU_TEMP_7,CPU_USAGE_0,CPU_USAGE_1,CPU_USAGE_10,CPU_USAGE_11,CPU_USAGE_2,CPU_USAGE_3,CPU_USAGE_4,CPU_USAGE_5,CPU_USAGE_6,CPU_USAGE_7,CPU_USAGE_8,CPU_USAGE_9,SYSTEM_POWER (Watts),TOTAL_MEMORY,TOTAL_SWAP,USED_MEMORY,USED_SWAP
0,1758816331562,3504,3504,3504,3504,3504,3504,3504,3504,3504,3504,3504,3504,57.0232048034668,56.61506271362305,54.89140701293945,54.0090446472168,56.81285858154297,54.389976501464844,54.260353088378906,56.791629791259766,0,50,0,0,0,50,100,0,0,0,0,0,24.022815704345703,34359738368,3221225472,21348450304,1559625728
204,1758816331562,3504,3504,3504,3504,3504,3504,3504,3504,3504,3504,3504,3504,57.0232048034668,56.61506271362305,54.89140701293945,54.0090446472168,56.81285858154297,54.389976501464844,54.260353088378906,56.791629791259766,100,50,0,0,100,0,100,0,50,NaN,0,0,24.022815704345703,34359738368,3221225472,21348450304,1559625728
204,1758816331766,3504,3504,3504,3504,3504,3504,3504,3504,3504,3504,3504,3504,57.0232048034668,56.61506271362305,54.89140701293945,54.0090446472168,56.81285858154297,54.389976501464844,54.260353088378906,56.791629791259766,28.571430206298828,26.3157901763916,5,4.761904716491699,25,25,57.142860412597656,35,52.6315803527832,28.571430206298828,23.809524536132813,10,24.022815704345703,34359738368,3221225472,21348450304,1559625728
10,1758816331971,3504,3504,3504,3504,3504,3504,3504,3504,3504,3504,3504,3504,57.0232048034668,56.61506271362305,54.89140701293945,54.0090446472168,56.81285858154297,54.389976501464844,54.260353088378906,56.791629791259766,26.3157901763916,28.571430206298828,0,0,23.809524536132813,23.809524536132813,14.285715103149414,10,4.761904716491699,5,10,4.761904716491699,24.022815704345703,34359738368,3221225472,21348450304,1559625728
