Delta,Time,CPU_FREQUENCY_0,CPU_FREQUENCY_1,CPU_FREQUENCY_10,CPU_FREQUENCY_11,CPU_FREQUENCY_2,CPU_FREQUENCY_3,CPU_FREQUENCY_4,CPU_FREQUENCY_5,CPU_FREQUENCY_6,CPU_FREQUENCY_7,CPU_FREQUENCY_8,CPU_FREQUENCY_9,CPU_TEMP_0,CPU_TEMP_1,CPU_TEMP_2,CPU_TEMP_3,CPU_TEMP_4,CPU_TEMP_5,CPU_TEMP_6,CPU_TEMP_7,CPU_USAGE_0,CPU_USAGE_1,CPU_USAGE_10,CPU_USAGE_11,CPU_USAGE_2,CPU_USAGE_3,CPU_USAGE_4,CPU_USAGE_5,CPU_USAGE_6,CPU_USAGE_7,CPU_USAGE_8,CPU_USAGE_9,SYSTEM_POWER (Watts),TOTAL_MEMORY,TOTAL_SWAP,USED_MEMORY,USED_SWAP
0,1758822096496,3504,3504,3504,3504,3504,3504,3504,3504,3504,3504,3504,3504,6.699999809265137,6.699999809265137,4.632999897003174,4.632999897003174,6.699999809265137,4.632999897003174,4.632999897003174,6.699999809265137,0,0,0,100,50,0,0,0,0,NaN,100,0,14.237834930419922,34359738368,3221225472,19016925184,1475739648
204,1758822096496,3504,3504,3504,3504,3504,3504,3504,3504,3504,3504,3504,3504,6.699999809265137,6.699999809265137,4.632999897003174,4.632999897003174,6.699999809265137,4.632999897003174,4.632999897003174,6.699999809265137,NaN,NaN,100,NaN,NaN,NaN,0,NaN,0,0,NaN,100,14.237834930419922,34359738368,3221225472,19017039872,1475739648
204,1758822096701,3504,3504,3504,3504,3504,3504,3504,3504,3504,3504,3504,3504,73.26746368408203,72.64733123779297,70.37487030029297,69.5709228515625,71.8314208984375,69.18417358398438,69.01732635498047,72.53189849853516,33.333335876464844,28.571430206298828,65,50,15.000000953674316,15.000000953674316,57.894737243652344,40,40,42.85714340209961,76.19047546386719,50,14.237834930419922,34359738368,3221225472,19047972864,1475739648
8,1758822096906,3504,3504,3504,3504,3504,3504,3504,3504,3504,3504,3504,3504,73.26746368408203,72.64733123779297,70.37487030029297,69.5709228515625,71.8314208984375,69.18417358398438,69.01732635498047,72.53189849853516,25,20,14.285715103149414,25,19.047618865966797,14.285715103149414,4.761904716491699,0,0,0,25,9.523809432983398,14.237834930419922,34359738368,3221225472,19016335360,1475739648
