Delta,Time,CPU_FREQUENCY_0,CPU_FREQUENCY_1,CPU_FREQUENCY_10,CPU_FREQUENCY_11,CPU_FREQUENCY_2,CPU_FREQUENCY_3,CPU_FREQUENCY_4,CPU_FREQUENCY_5,CPU_FREQUENCY_6,CPU_FREQUENCY_7,CPU_FREQUENCY_8,CPU_FREQUENCY_9,CPU_TEMP_0,CPU_TEMP_1,CPU_TEMP_2,CPU_TEMP_3,CPU_TEMP_4,CPU_TEMP_5,CPU_TEMP_6,CPU_TEMP_7,CPU_USAGE_0,CPU_USAGE_1,CPU_USAGE_10,CPU_USAGE_11,CPU_USAGE_2,CPU_USAGE_3,CPU_USAGE_4,CPU_USAGE_5,CPU_USAGE_6,CPU_USAGE_7,CPU_USAGE_8,CPU_USAGE_9,SYSTEM_POWER (Watts),TOTAL_MEMORY,TOTAL_SWAP,USED_MEMORY,USED_SWAP
0,1758816322827,3504,3504,3504,3504,3504,3504,3504,3504,3504,3504,3504,3504,57.292030334472656,57.00529861450195,54.983558654785156,54.14166259765625,57.141578674316406,54.47106170654297,54.27334213256836,56.844688415527344,NaN,0,0,0,NaN,0,0,0,0,0,0,0,15.946885108947754,34359738368,3221225472,20756922368,1559625728
204,1758816322827,3504,3504,3504,3504,3504,3504,3504,3504,3504,3504,3504,3504,57.292030334472656,57.00529861450195,54.983558654785156,54.14166259765625,57.141578674316406,54.47106170654297,54.27334213256836,56.844688415527344,100,100,0,0,50,0,NaN,0,NaN,NaN,NaN,0,15.946885108947754,34359738368,3221225472,20755267584,1559625728
201,1758816323032,3504,3504,3504,3504,3504,3504,3504,3504,3504,3504,3504,3504,57.292030334472656,57.00529861450195,54.983558654785156,54.14166259765625,57.141578674316406,54.47106170654297,54.27334213256836,56.844688415527344,38.095237731933594,30.000001907348633,0,0,35,25,33.333335876464844,28.571430206298828,10,19.047618865966797,13.636363983154297,0,16.104106903076172,34359738368,3221225472,20783235072,1559625728
8,1758816323233,3504,3504,3504,3504,3504,3504,3504,3504,3504,3504,3504,3504,57.292030334472656,57.00529861450195,54.983558654785156,54.14166259765625,57.141578674316406,54.47106170654297,54.27334213256836,56.844688415527344,40,35,0,0,30.000001907348633,30.000001907348633,10,10.526315689086914,19.047618865966797,10,5.263157844543457,0,16.104106903076172,34359738368,3221225472,20741505024,1559625728
