Delta,Time,CPU_FREQUENCY_0,CPU_FREQUENCY_1,CPU_FREQUENCY_10,CPU_FREQUENCY_11,CPU_FREQUENCY_2,CPU_FREQUENCY_3,CPU_FREQUENCY_4,CPU_FREQUENCY_5,CPU_FREQUENCY_6,CPU_FREQUENCY_7,CPU_FREQUENCY_8,CPU_FREQUENCY_9,CPU_TEMP_0,CPU_TEMP_1,CPU_TEMP_2,CPU_TEMP_3,CPU_TEMP_4,CPU_TEMP_5,CPU_TEMP_6,CPU_TEMP_7,CPU_USAGE_0,CPU_USAGE_1,CPU_USAGE_10,CPU_USAGE_11,CPU_USAGE_2,CPU_USAGE_3,CPU_USAGE_4,CPU_USAGE_5,CPU_USAGE_6,CPU_USAGE_7,CPU_USAGE_8,CPU_USAGE_9,SYSTEM_POWER (Watts),TOTAL_MEMORY,TOTAL_SWAP,USED_MEMORY,USED_SWAP
0,1758822087856,3504,3504,3504,3504,3504,3504,3504,3504,3504,3504,3504,3504,73.9156723022461,73.87041473388672,72.16290283203125,70.9101791381836,74.12786102294922,71.57758331298828,71.27803039550781,74.21318054199219,100,0,0,0,50,NaN,0,0,0,0,0,0,13.57745361328125,34359738368,3221225472,18977636352,1475739648
204,1758822087856,3504,3504,3504,3504,3504,3504,3504,3504,3504,3504,3504,3504,73.9156723022461,73.87041473388672,72.16290283203125,70.9101791381836,74.12786102294922,71.57758331298828,71.27803039550781,74.21318054199219,0,NaN,0,NaN,NaN,50,100,NaN,NaN,0,NaN,0,13.57745361328125,34359738368,3221225472,18977636352,1475739648
204,1758822088061,3504,3504,3504,3504,3504,3504,3504,3504,3504,3504,3504,3504,73.9156723022461,73.87041473388672,72.16290283203125,70.9101791381836,74.12786102294922,71.57758331298828,71.27803039550781,74.21318054199219,15.789472579956055,20,0,0,10,10,30.000001907348633,20,38.095237731933594,25,4.761904716491699,15.000000953674316,10.168243408203125,34359738368,3221225472,18977636352,1475739648
7,1758822088266,3504,3504,3504,3504,3504,3504,3504,3504,3504,3504,3504,3504,73.9156723022461,73.87041473388672,72.16290283203125,70.9101791381836,74.12786102294922,71.57758331298828,71.27803039550781,74.21318054199219,23.809524536132813,19.047618865966797,0,0,15.000000953674316,14.285715103149414,35,19.047618865966797,5,9.523809432983398,5,4.761904716491699,10.168243408203125,34359738368,3221225472,18977636352,1475739648
