Delta,Time,CPU_FREQUENCY_0,CPU_FREQUENCY_1,CPU_FREQUENCY_10,CPU_FREQUENCY_11,CPU_FREQUENCY_2,CPU_FREQUENCY_3,CPU_FREQUENCY_4,CPU_FREQUENCY_5,CPU_FREQUENCY_6,CPU_FREQUENCY_7,CPU_FREQUENCY_8,CPU_FREQUENCY_9,CPU_TEMP_0,CPU_TEMP_1,CPU_TEMP_2,CPU_TEMP_3,CPU_TEMP_4,CPU_TEMP_5,CPU_TEMP_6,CPU_TEMP_7,CPU_USAGE_0,CPU_USAGE_1,CPU_USAGE_10,CPU_USAGE_11,CPU_USAGE_2,CPU_USAGE_3,CPU_USAGE_4,CPU_USAGE_5,CPU_USAGE_6,CPU_USAGE_7,CPU_USAGE_8,CPU_USAGE_9,SYSTEM_POWER (Watts),TOTAL_MEMORY,TOTAL_SWAP,USED_MEMORY,USED_SWAP
0,1758816325748,3504,3504,3504,3504,3504,3504,3504,3504,3504,3504,3504,3504,56.75931167602539,56.55307388305664,54.59444808959961,53.737606048583984,56.457332611083984,54.036834716796875,53.94704818725586,56.48183822631836,100,NaN,0,0,100,0,NaN,NaN,NaN,0,0,0,15.753168106079102,34359738368,3221225472,20683980800,1559625728
202,1758816325748,3504,3504,3504,3504,3504,3504,3504,3504,3504,3504,3504,3504,56.75931167602539,56.55307388305664,54.59444808959961,53.737606048583984,56.457332611083984,54.036834716796875,53.94704818725586,56.48183822631836,NaN,50,0,NaN,NaN,100,NaN,0,50,NaN,NaN,0,15.753168106079102,34359738368,3221225472,20683980800,1559625728
204,1758816325951,3504,3504,3504,3504,3504,3504,3504,3504,3504,3504,3504,3504,56.75931167602539,56.55307388305664,54.59444808959961,53.737606048583984,56.457332611083984,54.036834716796875,53.94704818725586,56.48183822631836,65,57.894737243652344,5,0,47.619049072265625,40,47.619049072265625,28.571430206298828,10,10,33.333335876464844,23.809524536132813,15.753168106079102,34359738368,3221225472,20683980800,1559625728
9,1758816326156,3504,3504,3504,3504,3504,3504,3504,3504,3504,3504,3504,3504,56.75931167602539,56.55307388305664,54.59444808959961,53.737606048583984,56.457332611083984,54.036834716796875,53.94704818725586,56.48183822631836,52.38095474243164,60.000003814697266,0,0,50,50,20,10,10,4.761904716491699,15.000000953674316,5,16.185293197631836,34359738368,3221225472,20683980800,1559625728
