Delta,Time,CPU_FREQUENCY_0,CPU_FREQUENCY_1,CPU_FREQUENCY_10,CPU_FREQUENCY_11,CPU_FREQUENCY_2,CPU_FREQUENCY_3,CPU_FREQUENCY_4,CPU_FREQUENCY_5,CPU_FREQUENCY_6,CPU_FREQUENCY_7,CPU_FREQUENCY_8,CPU_FREQUENCY_9,CPU_TEMP_0,CPU_TEMP_1,CPU_TEMP_2,CPU_TEMP_3,CPU_TEMP_4,CPU_TEMP_5,CPU_TEMP_6,CPU_TEMP_7,CPU_USAGE_0,CPU_USAGE_1,CPU_USAGE_10,CPU_USAGE_11,CPU_USAGE_2,CPU_USAGE_3,CPU_USAGE_4,CPU_USAGE_5,CPU_USAGE_6,CPU_USAGE_7,CPU_USAGE_8,CPU_USAGE_9,SYSTEM_POWER (Watts),TOTAL_MEMORY,TOTAL_SWAP,USED_MEMORY,USED_SWAP
0,1760279790861,3504,3504,3504,3504,3504,3504,3504,3504,3504,3504,3504,3504,6.699999809265137,6.699999809265137,4.632999897003174,4.632999897003174,6.700080394744873,4.632999897003174,4.632999897003174,6.699999809265137,100,100,0,0,75,100,0,0,0,0,0,0,2.279047966003418,34359738368,2147483648,14015856640,334757888
201,1760279790861,3504,3504,3504,3504,3504,3504,3504,3504,3504,3504,3504,3504,6.699999809265137,6.699999809265137,4.632999897003174,4.632999897003174,6.700080394744873,4.632999897003174,4.632999897003174,6.699999809265137,100,NaN,NaN,0,100,100,0,NaN,NaN,NaN,0,NaN,2.279047966003418,34359738368,2147483648,14015856640,334757888
209,1760279791063,3504,3504,3504,3504,3504,3504,3504,3504,3504,3504,3504,3504,6.699999809265137,6.699999809265137,4.632999897003174,4.632999897003174,6.700080394744873,4.632999897003174,4.632999897003174,6.699999809265137,45,52.38095474243164,0,0,15.000000953674316,10,0,0,0,0,89.47368621826172,0,2.279047966003418,34359738368,2147483648,14015856640,334757888
7,1760279791273,3504,3504,3504,3504,3504,3504,3504,3504,3504,3504,3504,3504,6.699999809265137,6.699999809265137,4.632999897003174,4.632999897003174,6.699999809265137,4.632999897003174,4.632999897003174,6.699999809265137,66.66667175292969,40,0,0,9.523809432983398,4.761904716491699,0,0,0,0,80.95238494873047,0,2.279047966003418,34359738368,2147483648,14015856640,334757888
