Delta,Time,CPU_FREQUENCY_0,CPU_FREQUENCY_1,CPU_FREQUENCY_10,CPU_FREQUENCY_11,CPU_FREQUENCY_2,CPU_FREQUENCY_3,CPU_FREQUENCY_4,CPU_FREQUENCY_5,CPU_FREQUENCY_6,CPU_FREQUENCY_7,CPU_FREQUENCY_8,CPU_FREQUENCY_9,CPU_TEMP_0,CPU_TEMP_1,CPU_TEMP_2,CPU_TEMP_3,CPU_TEMP_4,CPU_TEMP_5,CPU_TEMP_6,CPU_TEMP_7,CPU_USAGE_0,CPU_USAGE_1,CPU_USAGE_10,CPU_USAGE_11,CPU_USAGE_2,CPU_USAGE_3,CPU_USAGE_4,CPU_USAGE_5,CPU_USAGE_6,CPU_USAGE_7,CPU_USAGE_8,CPU_USAGE_9,SYSTEM_POWER (Watts),TOTAL_MEMORY,TOTAL_SWAP,USED_MEMORY,USED_SWAP
0,1758822819329,3504,3504,3504,3504,3504,3504,3504,3504,3504,3504,3504,3504,63.42629623413086,63.35466766357422,61.473026275634766,60.518192291259766,63.790435791015625,61.29238510131836,60.996124267578125,63.455753326416016,100,50,0,0,0,NaN,NaN,0,0,0,0,NaN,9.476181030273438,34359738368,3221225472,18056790016,1458962432
204,1758822819329,3504,3504,3504,3504,3504,3504,3504,3504,3504,3504,3504,3504,63.42629623413086,63.35466766357422,61.473026275634766,60.518192291259766,63.790435791015625,61.29238510131836,60.996124267578125,63.455753326416016,0,0,0,0,50,0,0,NaN,0,0,0,0,9.476181030273438,34359738368,3221225472,18056871936,1458962432
204,1758822819533,3504,3504,3504,3504,3504,3504,3504,3504,3504,3504,3504,3504,63.42629623413086,63.35466766357422,61.473026275634766,60.518192291259766,63.790435791015625,61.29238510131836,60.996124267578125,63.455753326416016,15.000000953674316,15.000000953674316,5,0,15.000000953674316,9.090909004211426,40,38.095237731933594,35,30.000001907348633,19.047618865966797,9.523809432983398,9.476181030273438,34359738368,3221225472,18071846912,1458962432
204,1758822819738,3504,3504,3504,3504,3504,3504,3504,3504,3504,3504,3504,3504,64.61188507080078,64.58855438232422,62.26339340209961,61.361209869384766,64.788330078125,61.935787200927734,61.585391998291016,64.38804626464844,25,25,4.761904716491699,9.090909004211426,23.809524536132813,10.526315689086914,47.619049072265625,33.333335876464844,33.333335876464844,20,30.000001907348633,14.285715103149414,9.476181030273438,34359738368,3221225472,18072453120,1458962432
11,1758822819944,3504,3504,3504,3504,3504,3504,3504,3504,3504,3504,3504,3504,64.61188507080078,64.58855438232422,62.26339340209961,61.361209869384766,64.788330078125,61.935787200927734,61.585391998291016,64.38804626464844,23.809524536132813,19.047618865966797,0,0,15.000000953674316,14.285715103149414,10,10,21.052631378173828,14.285715103149414,5,0,9.476181030273438,34359738368,3221225472,18062934016,1458962432
