Delta,Time,CPU_FREQUENCY_0,CPU_FREQUENCY_1,CPU_FREQUENCY_10,CPU_FREQUENCY_11,CPU_FREQUENCY_2,CPU_FREQUENCY_3,CPU_FREQUENCY_4,CPU_FREQUENCY_5,CPU_FREQUENCY_6,CPU_FREQUENCY_7,CPU_FREQUENCY_8,CPU_FREQUENCY_9,CPU_TEMP_0,CPU_TEMP_1,CPU_TEMP_2,CPU_TEMP_3,CPU_TEMP_4,CPU_TEMP_5,CPU_TEMP_6,CPU_TEMP_7,CPU_USAGE_0,CPU_USAGE_1,CPU_USAGE_10,CPU_USAGE_11,CPU_USAGE_2,CPU_USAGE_3,CPU_USAGE_4,CPU_USAGE_5,CPU_USAGE_6,CPU_USAGE_7,CPU_USAGE_8,CPU_USAGE_9,SYSTEM_POWER (Watts),TOTAL_MEMORY,TOTAL_SWAP,USED_MEMORY,USED_SWAP
0,1758822816640,3504,3504,3504,3504,3504,3504,3504,3504,3504,3504,3504,3504,64.3387451171875,64.2685317993164,62.218727111816406,61.26832962036133,64.43408203125,61.868553161621094,61.372459411621094,64.1480941772461,0,50,0,0,0,50,0,0,0,0,0,0,18.040538787841797,34359738368,3221225472,18083201024,1458962432
202,1758822816640,3504,3504,3504,3504,3504,3504,3504,3504,3504,3504,3504,3504,64.3387451171875,64.2685317993164,62.218727111816406,61.26832962036133,64.43408203125,61.868553161621094,61.372459411621094,64.1480941772461,NaN,NaN,0,NaN,NaN,NaN,100,100,0,NaN,NaN,NaN,18.040538787841797,34359738368,3221225472,18082299904,1458962432
9,1758822816842,3504,3504,3504,3504,3504,3504,3504,3504,3504,3504,3504,3504,64.3387451171875,64.2685317993164,62.218727111816406,61.26832962036133,64.43408203125,61.868553161621094,61.372459411621094,64.1480941772461,57.142860412597656,52.38095474243164,60.000003814697266,57.142860412597656,50,47.619049072265625,66.66667175292969,70,57.894737243652344,55,66.66667175292969,52.38095474243164,18.040538787841797,34359738368,3221225472,18086641664,1458962432
