metric,n,median,mean,sd,shapiro_p,wilcox_p,ttest_p,test_used,p_value,significant,significance_label
CPU %,10,2.9001874793475597,50.54642848335382,112.910016895853,3.12404853455893e-5,0.193359375,0.1905368118485997,Wilcoxon,0.193359375,FALSE,ns
Energy %,10,-3.9370353638661166,36034.43175307642,110980.98256192094,1.3982824918123194e-7,1,0.33133690758850853,Wilcoxon,1,FALSE,ns
Memory %,10,0.16709883337498,0.42248416328271754,0.7935371547428435,0.029821361712222848,0.193359375,0.1265443434073804,Wilcoxon,0.193359375,FALSE,ns
Power %,10,-3.885327243482939,214.85701784027867,573.7493706390092,2.9893860012750753e-6,0.76953125,0.26666208904824285,Wilcoxon,0.76953125,FALSE,ns
Time %,10,NA,NA,NA,NA,NA,NA,NA,NA,NA,ns
