Delta,Time,CPU_FREQUENCY_0,CPU_FREQUENCY_1,CPU_FREQUENCY_10,CPU_FREQUENCY_11,CPU_FREQUENCY_2,CPU_FREQUENCY_3,CPU_FREQUENCY_4,CPU_FREQUENCY_5,CPU_FREQUENCY_6,CPU_FREQUENCY_7,CPU_FREQUENCY_8,CPU_FREQUENCY_9,CPU_TEMP_0,CPU_TEMP_1,CPU_TEMP_2,CPU_TEMP_3,CPU_TEMP_4,CPU_TEMP_5,CPU_TEMP_6,CPU_TEMP_7,CPU_USAGE_0,CPU_USAGE_1,CPU_USAGE_10,CPU_USAGE_11,CPU_USAGE_2,CPU_USAGE_3,CPU_USAGE_4,CPU_USAGE_5,CPU_USAGE_6,CPU_USAGE_7,CPU_USAGE_8,CPU_USAGE_9,SYSTEM_POWER (Watts),TOTAL_MEMORY,TOTAL_SWAP,USED_MEMORY,USED_SWAP
0,1758822081987,3504,3504,3504,3504,3504,3504,3504,3504,3504,3504,3504,3504,77.8268814086914,77.79845428466797,75.8577651977539,74.82801818847656,77.98516082763672,75.50643157958984,75.07460021972656,78.1133041381836,0,50,0,0,0,NaN,0,0,0,0,0,0,17.67987060546875,34359738368,3221225472,18987728896,1475739648
204,1758822081987,3504,3504,3504,3504,3504,3504,3504,3504,3504,3504,3504,3504,77.8268814086914,77.79845428466797,75.8577651977539,74.82801818847656,77.98516082763672,75.50643157958984,75.07460021972656,78.1133041381836,100,0,0,0,50,0,100,0,NaN,0,50,0,17.67987060546875,34359738368,3221225472,18987958272,1475739648
204,1758822082193,3504,3504,3504,3504,3504,3504,3504,3504,3504,3504,3504,3504,77.8268814086914,77.79845428466797,75.8577651977539,74.82801818847656,77.98516082763672,75.50643157958984,75.07460021972656,78.1133041381836,57.142860412597656,60.000003814697266,50,47.619049072265625,47.36842346191406,47.619049072265625,85,76.19047546386719,71.42857360839844,65,75,50,12.385887145996094,34359738368,3221225472,19011436544,1475739648
10,1758822082397,3504,3504,3504,3504,3504,3504,3504,3504,3504,3504,3504,3504,77.8268814086914,77.79845428466797,75.8577651977539,74.82801818847656,77.98516082763672,75.50643157958984,75.07460021972656,78.1133041381836,26.3157901763916,33.333335876464844,15.789472579956055,15.000000953674316,27.272727966308594,23.809524536132813,47.619049072265625,65,30.000001907348633,66.66667175292969,42.85714340209961,20,12.385887145996094,34359738368,3221225472,18987958272,1475739648
