Delta,Time,CPU_FREQUENCY_0,CPU_FREQUENCY_1,CPU_FREQUENCY_10,CPU_FREQUENCY_11,CPU_FREQUENCY_2,CPU_FREQUENCY_3,CPU_FREQUENCY_4,CPU_FREQUENCY_5,CPU_FREQUENCY_6,CPU_FREQUENCY_7,CPU_FREQUENCY_8,CPU_FREQUENCY_9,CPU_TEMP_0,CPU_TEMP_1,CPU_TEMP_2,CPU_TEMP_3,CPU_TEMP_4,CPU_TEMP_5,CPU_TEMP_6,CPU_TEMP_7,CPU_USAGE_0,CPU_USAGE_1,CPU_USAGE_10,CPU_USAGE_11,CPU_USAGE_2,CPU_USAGE_3,CPU_USAGE_4,CPU_USAGE_5,CPU_USAGE_6,CPU_USAGE_7,CPU_USAGE_8,CPU_USAGE_9,SYSTEM_POWER (Watts),TOTAL_MEMORY,TOTAL_SWAP,USED_MEMORY,USED_SWAP
0,1758822084936,3504,3504,3504,3504,3504,3504,3504,3504,3504,3504,3504,3504,78.02198028564453,77.71331787109375,75.4812240600586,74.43000030517578,77.7188949584961,74.88818359375,74.44210815429688,77.8358383178711,0,0,0,0,0,0,100,0,0,0,0,0,21.576038360595703,34359738368,3221225472,18960089088,1475739648
203,1758822084937,3504,3504,3504,3504,3504,3504,3504,3504,3504,3504,3504,3504,78.02198028564453,77.71331787109375,75.4812240600586,74.43000030517578,77.7188949584961,74.88818359375,74.44210815429688,77.8358383178711,0,NaN,0,0,0,NaN,0,NaN,NaN,0,NaN,NaN,21.576038360595703,34359738368,3221225472,18960695296,1475739648
204,1758822085140,3504,3504,3504,3504,3504,3504,3504,3504,3504,3504,3504,3504,78.02198028564453,77.71331787109375,75.4812240600586,74.43000030517578,77.7188949584961,74.88818359375,74.44210815429688,77.8358383178711,20,20,0,0,18.18181800842285,19.047618865966797,30.000001907348633,30.000001907348633,19.047618865966797,25,19.047618865966797,9.523809432983398,12.083023071289063,34359738368,3221225472,18994184192,1475739648
8,1758822085345,3504,3504,3504,3504,3504,3504,3504,3504,3504,3504,3504,3504,78.02198028564453,77.71331787109375,75.4812240600586,74.43000030517578,77.7188949584961,74.88818359375,74.44210815429688,77.8358383178711,23.809524536132813,19.047618865966797,0,0,5.555555820465088,9.523809432983398,20,19.047618865966797,10.526315689086914,4.761904716491699,15.000000953674316,0,12.083023071289063,34359738368,3221225472,18994184192,1475739648
