Delta,Time,CPU_FREQUENCY_0,CPU_FREQUENCY_1,CPU_FREQUENCY_10,CPU_FREQUENCY_11,CPU_FREQUENCY_2,CPU_FREQUENCY_3,CPU_FREQUENCY_4,CPU_FREQUENCY_5,CPU_FREQUENCY_6,CPU_FREQUENCY_7,CPU_FREQUENCY_8,CPU_FREQUENCY_9,CPU_TEMP_0,CPU_TEMP_1,CPU_TEMP_2,CPU_TEMP_3,CPU_TEMP_4,CPU_TEMP_5,CPU_TEMP_6,CPU_TEMP_7,CPU_USAGE_0,CPU_USAGE_1,CPU_USAGE_10,CPU_USAGE_11,CPU_USAGE_2,CPU_USAGE_3,CPU_USAGE_4,CPU_USAGE_5,CPU_USAGE_6,CPU_USAGE_7,CPU_USAGE_8,CPU_USAGE_9,SYSTEM_POWER (Watts),TOTAL_MEMORY,TOTAL_SWAP,USED_MEMORY,USED_SWAP
0,1758822090765,3504,3504,3504,3504,3504,3504,3504,3504,3504,3504,3504,3504,72.50582122802734,72.30401611328125,70.57403564453125,69.42335510253906,72.57295989990234,70.08165740966797,69.77255249023438,72.42108154296875,0,0,0,0,0,50,0,0,0,0,0,0,12.5037841796875,34359738368,3221225472,18958286848,1475739648
200,1758822090765,3504,3504,3504,3504,3504,3504,3504,3504,3504,3504,3504,3504,72.50582122802734,72.30401611328125,70.57403564453125,69.42335510253906,72.57295989990234,70.08165740966797,69.77255249023438,72.42108154296875,100,0,0,0,50,50,NaN,0,0,0,0,0,12.5037841796875,34359738368,3221225472,18958286848,1475739648
204,1758822090966,3504,3504,3504,3504,3504,3504,3504,3504,3504,3504,3504,3504,72.50582122802734,72.30401611328125,70.57403564453125,69.42335510253906,72.57295989990234,70.08165740966797,69.77255249023438,72.42108154296875,15.000000953674316,19.047618865966797,0,0,20,5.263157844543457,40,25,10.526315689086914,30.000001907348633,10,9.523809432983398,12.5037841796875,34359738368,3221225472,18958286848,1475739648
6,1758822091171,3504,3504,3504,3504,3504,3504,3504,3504,3504,3504,3504,3504,72.50582122802734,72.30401611328125,70.57403564453125,69.42335510253906,72.57295989990234,70.08165740966797,69.77255249023438,72.42108154296875,20,15.789472579956055,0,0,15.000000953674316,10,23.809524536132813,14.285715103149414,4.761904716491699,19.047618865966797,15.000000953674316,0,9.474857330322266,34359738368,3221225472,18958286848,1475739648
