Delta,Time,CPU_FREQUENCY_0,CPU_FREQUENCY_1,CPU_FREQUENCY_10,CPU_FREQUENCY_11,CPU_FREQUENCY_2,CPU_FREQUENCY_3,CPU_FREQUENCY_4,CPU_FREQUENCY_5,CPU_FREQUENCY_6,CPU_FREQUENCY_7,CPU_FREQUENCY_8,CPU_FREQUENCY_9,CPU_TEMP_0,CPU_TEMP_1,CPU_TEMP_2,CPU_TEMP_3,CPU_TEMP_4,CPU_TEMP_5,CPU_TEMP_6,CPU_TEMP_7,CPU_USAGE_0,CPU_USAGE_1,CPU_USAGE_10,CPU_USAGE_11,CPU_USAGE_2,CPU_USAGE_3,CPU_USAGE_4,CPU_USAGE_5,CPU_USAGE_6,CPU_USAGE_7,CPU_USAGE_8,CPU_USAGE_9,SYSTEM_POWER (Watts),TOTAL_MEMORY,TOTAL_SWAP,USED_MEMORY,USED_SWAP
0,1758822093625,3504,3504,3504,3504,3504,3504,3504,3504,3504,3504,3504,3504,73.32093811035156,72.99478912353516,70.80298614501953,69.80158996582031,72.537841796875,69.74163818359375,69.15390014648438,72.23138427734375,0,NaN,0,0,0,NaN,NaN,0,0,0,0,0,10.95822525024414,34359738368,3221225472,18960711680,1475739648
200,1758822093625,3504,3504,3504,3504,3504,3504,3504,3504,3504,3504,3504,3504,73.32093811035156,72.99478912353516,70.80298614501953,69.80158996582031,72.537841796875,69.74163818359375,69.15390014648438,72.23138427734375,NaN,0,0,0,0,50,50,NaN,NaN,NaN,0,NaN,10.95822525024414,34359738368,3221225472,18960711680,1475739648
204,1758822093826,3504,3504,3504,3504,3504,3504,3504,3504,3504,3504,3504,3504,73.32093811035156,72.99478912353516,70.80298614501953,69.80158996582031,72.537841796875,69.74163818359375,69.15390014648438,72.23138427734375,33.333335876464844,25,0,0,15.789472579956055,15.000000953674316,40,30.000001907348633,25,10,15.789472579956055,4.761904716491699,10.95822525024414,34359738368,3221225472,18960711680,1475739648
5,1758822094031,3504,3504,3504,3504,3504,3504,3504,3504,3504,3504,3504,3504,73.32093811035156,72.99478912353516,70.80298614501953,69.80158996582031,72.537841796875,69.74163818359375,69.15390014648438,72.23138427734375,23.809524536132813,20,0,0,9.523809432983398,14.285715103149414,15.789472579956055,14.285715103149414,0,15.000000953674316,14.285715103149414,0,14.287830352783203,34359738368,3221225472,18960711680,1475739648
