Delta,Time,CPU_FREQUENCY_0,CPU_FREQUENCY_1,CPU_FREQUENCY_10,CPU_FREQUENCY_11,CPU_FREQUENCY_2,CPU_FREQUENCY_3,CPU_FREQUENCY_4,CPU_FREQUENCY_5,CPU_FREQUENCY_6,CPU_FREQUENCY_7,CPU_FREQUENCY_8,CPU_FREQUENCY_9,CPU_TEMP_0,CPU_TEMP_1,CPU_TEMP_2,CPU_TEMP_3,CPU_TEMP_4,CPU_TEMP_5,CPU_TEMP_6,CPU_TEMP_7,CPU_USAGE_0,CPU_USAGE_1,CPU_USAGE_10,CPU_USAGE_11,CPU_USAGE_2,CPU_USAGE_3,CPU_USAGE_4,CPU_USAGE_5,CPU_USAGE_6,CPU_USAGE_7,CPU_USAGE_8,CPU_USAGE_9,SYSTEM_POWER (Watts),TOTAL_MEMORY,TOTAL_SWAP,USED_MEMORY,USED_SWAP
0,1758822079059,3504,3504,3504,3504,3504,3504,3504,3504,3504,3504,3504,3504,80.81517028808594,80.52554321289063,78.64933776855469,77.69889831542969,81.14667510986328,78.46076965332031,77.83078002929688,81.09709930419922,0,0,0,NaN,50,NaN,NaN,0,0,0,0,0,16.508682250976563,34359738368,3221225472,18982371328,1475739648
204,1758822079059,3504,3504,3504,3504,3504,3504,3504,3504,3504,3504,3504,3504,80.81517028808594,80.52554321289063,78.64933776855469,77.69889831542969,81.14667510986328,78.46076965332031,77.83078002929688,81.09709930419922,NaN,NaN,NaN,0,NaN,0,0,NaN,0,NaN,100,NaN,16.508682250976563,34359738368,3221225472,18983059456,1475739648
201,1758822079264,3504,3504,3504,3504,3504,3504,3504,3504,3504,3504,3504,3504,80.81517028808594,80.52554321289063,78.64933776855469,77.69889831542969,81.14667510986328,78.46076965332031,77.83078002929688,81.09709930419922,33.333335876464844,25,10,25,15.789472579956055,19.047618865966797,25,9.090909004211426,5,0,47.619049072265625,28.571430206298828,16.508682250976563,34359738368,3221225472,19014205440,1475739648
9,1758822079466,3504,3504,3504,3504,3504,3504,3504,3504,3504,3504,3504,3504,80.81517028808594,80.52554321289063,78.64933776855469,77.69889831542969,81.14667510986328,78.46076965332031,77.83078002929688,81.09709930419922,31.57894515991211,20,5,15.000000953674316,20,15.789472579956055,10,5,0,0,15.789472579956055,15.000000953674316,16.508682250976563,34359738368,3221225472,19014205440,1475739648
