Delta,Time,CPU_FREQUENCY_0,CPU_FREQUENCY_1,CPU_FREQUENCY_10,CPU_FREQUENCY_11,CPU_FREQUENCY_2,CPU_FREQUENCY_3,CPU_FREQUENCY_4,CPU_FREQUENCY_5,CPU_FREQUENCY_6,CPU_FREQUENCY_7,CPU_FREQUENCY_8,CPU_FREQUENCY_9,CPU_TEMP_0,CPU_TEMP_1,CPU_TEMP_2,CPU_TEMP_3,CPU_TEMP_4,CPU_TEMP_5,CPU_TEMP_6,CPU_TEMP_7,CPU_USAGE_0,CPU_USAGE_1,CPU_USAGE_10,CPU_USAGE_11,CPU_USAGE_2,CPU_USAGE_3,CPU_USAGE_4,CPU_USAGE_5,CPU_USAGE_6,CPU_USAGE_7,CPU_USAGE_8,CPU_USAGE_9,SYSTEM_POWER (Watts),TOTAL_MEMORY,TOTAL_SWAP,USED_MEMORY,USED_SWAP
0,1760276072658,3504,3504,3504,3504,3504,3504,3504,3504,3504,3504,3504,3504,6.699999809265137,6.699999809265137,4.632999897003174,4.632999897003174,6.700079917907715,4.632999897003174,4.632999897003174,6.699999809265137,66.66667175292969,33.333335876464844,0,0,66.66667175292969,66.66667175292969,0,0,0,0,0,0,2.2340657711029053,34359738368,2147483648,13652836352,334757888
209,1760276072658,3504,3504,3504,3504,3504,3504,3504,3504,3504,3504,3504,3504,6.699999809265137,6.699999809265137,4.632999897003174,4.632999897003174,6.700079917907715,4.632999897003174,4.632999897003174,6.699999809265137,100,NaN,0,0,0,0,0,NaN,0,0,0,0,2.2340657711029053,34359738368,2147483648,13654179840,334757888
8,1760276072868,3504,3504,3504,3504,3504,3504,3504,3504,3504,3504,3504,3504,6.699999809265137,6.699999809265137,4.632999897003174,4.632999897003174,6.700079917907715,4.632999897003174,4.632999897003174,6.699999809265137,66.66667175292969,54.54545593261719,0,0,28.571430206298828,25,0,0,0,0,33.333335876464844,4.545454502105713,2.2340657711029053,34359738368,2147483648,13653229568,334757888
