Delta,Time,CPU_FREQUENCY_0,CPU_FREQUENCY_1,CPU_FREQUENCY_10,CPU_FREQUENCY_11,CPU_FREQUENCY_2,CPU_FREQUENCY_3,CPU_FREQUENCY_4,CPU_FREQUENCY_5,CPU_FREQUENCY_6,CPU_FREQUENCY_7,CPU_FREQUENCY_8,CPU_FREQUENCY_9,CPU_TEMP_0,CPU_TEMP_1,CPU_TEMP_2,CPU_TEMP_3,CPU_TEMP_4,CPU_TEMP_5,CPU_TEMP_6,CPU_TEMP_7,CPU_USAGE_0,CPU_USAGE_1,CPU_USAGE_10,CPU_USAGE_11,CPU_USAGE_2,CPU_USAGE_3,CPU_USAGE_4,CPU_USAGE_5,CPU_USAGE_6,CPU_USAGE_7,CPU_USAGE_8,CPU_USAGE_9,SYSTEM_POWER (Watts),TOTAL_MEMORY,TOTAL_SWAP,USED_MEMORY,USED_SWAP
0,1760276677098,3504,3504,3504,3504,3504,3504,3504,3504,3504,3504,3504,3504,6.699999809265137,6.699999809265137,4.632999897003174,4.632999897003174,6.699999809265137,4.632999897003174,4.632999897003174,6.699999809265137,66.66667175292969,100,0,0,66.66667175292969,100,0,0,0,0,0,0,2.4787709712982178,34359738368,2147483648,13449052160,334757888
202,1760276677098,3504,3504,3504,3504,3504,3504,3504,3504,3504,3504,3504,3504,6.699999809265137,6.699999809265137,4.632999897003174,4.632999897003174,6.699999809265137,4.632999897003174,4.632999897003174,6.699999809265137,NaN,100,0,NaN,100,100,0,0,0,0,0,0,2.4787709712982178,34359738368,2147483648,13450199040,334757888
209,1760276677301,3504,3504,3504,3504,3504,3504,3504,3504,3504,3504,3504,3504,6.699999809265137,6.699999809265137,4.632999897003174,4.632999897003174,6.699999809265137,4.632999897003174,4.632999897003174,6.699999809265137,85.71428680419922,71.42857360839844,0,0,85,75,90,0,0,0,0,0,2.4787709712982178,34359738368,2147483648,13450199040,334757888
205,1760276677511,3504,3504,3504,3504,3504,3504,3504,3504,3504,3504,3504,3504,6.699999809265137,6.699999809265137,4.632999897003174,4.632999897003174,6.699999809265137,4.632999897003174,4.632999897003174,6.699999809265137,76.19047546386719,71.42857360839844,0,0,60.000003814697266,66.66667175292969,100,0,0,0,0,0,2.4787709712982178,34359738368,2147483648,13450199040,334757888
3,1760276677716,3504,3504,3504,3504,3504,3504,3504,3504,3504,3504,3504,3504,6.699999809265137,6.699999809265137,4.632999897003174,4.632999897003174,6.699999809265137,4.632999897003174,4.632999897003174,6.699999809265137,55,60.000003814697266,0,0,42.85714340209961,66.66667175292969,5,0,0,0,0,0,2.9672956466674805,34359738368,2147483648,13449641984,334757888
