Delta,Time,CPU_FREQUENCY_0,CPU_FREQUENCY_1,CPU_FREQUENCY_10,CPU_FREQUENCY_11,CPU_FREQUENCY_2,CPU_FREQUENCY_3,CPU_FREQUENCY_4,CPU_FREQUENCY_5,CPU_FREQUENCY_6,CPU_FREQUENCY_7,CPU_FREQUENCY_8,CPU_FREQUENCY_9,CPU_TEMP_0,CPU_TEMP_1,CPU_TEMP_2,CPU_TEMP_3,CPU_TEMP_4,CPU_TEMP_5,CPU_TEMP_6,CPU_TEMP_7,CPU_USAGE_0,CPU_USAGE_1,CPU_USAGE_10,CPU_USAGE_11,CPU_USAGE_2,CPU_USAGE_3,CPU_USAGE_4,CPU_USAGE_5,CPU_USAGE_6,CPU_USAGE_7,CPU_USAGE_8,CPU_USAGE_9,SYSTEM_POWER (Watts),TOTAL_MEMORY,TOTAL_SWAP,USED_MEMORY,USED_SWAP
0,1760276711458,3504,3504,3504,3504,3504,3504,3504,3504,3504,3504,3504,3504,6.699999809265137,6.699999809265137,4.632999897003174,4.632999897003174,6.699999809265137,4.632999897003174,4.632999897003174,6.699999809265137,75,66.66667175292969,0,0,100,80,0,0,0,0,0,0,3.967402219772339,34359738368,2147483648,13601390592,334757888
209,1760276711458,3504,3504,3504,3504,3504,3504,3504,3504,3504,3504,3504,3504,6.699999809265137,6.699999809265137,4.632999897003174,4.632999897003174,6.699999809265137,4.632999897003174,4.632999897003174,6.699999809265137,NaN,NaN,0,0,50,NaN,0,0,0,0,0,0,3.967402219772339,34359738368,2147483648,13602619392,334757888
209,1760276711668,3504,3504,3504,3504,3504,3504,3504,3504,3504,3504,3504,3504,6.699999809265137,6.699999809265137,4.632999897003174,4.632999897003174,6.699999809265137,4.632999897003174,4.632999897003174,6.699999809265137,47.619049072265625,52.38095474243164,0,0,40,85.71428680419922,85.71428680419922,4.545454502105713,0,0,0,0,3.9381725788116455,34359738368,2147483648,13610582016,334757888
9,1760276711878,3504,3504,3504,3504,3504,3504,3504,3504,3504,3504,3504,3504,6.699999809265137,6.699999809265137,4.632999897003174,4.632999897003174,6.699999809265137,4.632999897003174,4.632999897003174,6.699999809265137,65,59.09090805053711,0,0,75,45,85.71428680419922,0,0,0,0,0,3.9381725788116455,34359738368,2147483648,13595164672,334757888
