Delta,Time,CPU_FREQUENCY_0,CPU_FREQUENCY_1,CPU_FREQUENCY_10,CPU_FREQUENCY_11,CPU_FREQUENCY_2,CPU_FREQUENCY_3,CPU_FREQUENCY_4,CPU_FREQUENCY_5,CPU_FREQUENCY_6,CPU_FREQUENCY_7,CPU_FREQUENCY_8,CPU_FREQUENCY_9,CPU_TEMP_0,CPU_TEMP_1,CPU_TEMP_2,CPU_TEMP_3,CPU_TEMP_4,CPU_TEMP_5,CPU_TEMP_6,CPU_TEMP_7,CPU_USAGE_0,CPU_USAGE_1,CPU_USAGE_10,CPU_USAGE_11,CPU_USAGE_2,CPU_USAGE_3,CPU_USAGE_4,CPU_USAGE_5,CPU_USAGE_6,CPU_USAGE_7,CPU_USAGE_8,CPU_USAGE_9,SYSTEM_POWER (Watts),TOTAL_MEMORY,TOTAL_SWAP,USED_MEMORY,USED_SWAP
0,1760278326744,3504,3504,3504,3504,3504,3504,3504,3504,3504,3504,3504,3504,6.699999809265137,6.699999809265137,4.632999897003174,4.63308048248291,6.699999809265137,4.632999897003174,4.632999897003174,6.699999809265137,25,75,0,0,66.66667175292969,0,0,0,0,0,0,0,2.1233396530151367,34359738368,2147483648,13518061568,334757888
209,1760278326744,3504,3504,3504,3504,3504,3504,3504,3504,3504,3504,3504,3504,6.699999809265137,6.699999809265137,4.632999897003174,4.63308048248291,6.699999809265137,4.632999897003174,4.632999897003174,6.699999809265137,NaN,NaN,NaN,NaN,100,0,0,0,0,NaN,0,0,2.1233396530151367,34359738368,2147483648,13518176256,334757888
209,1760278326954,3504,3504,3504,3504,3504,3504,3504,3504,3504,3504,3504,3504,6.699999809265137,6.699999809265137,4.632999897003174,4.63308048248291,6.699999809265137,4.632999897003174,4.632999897003174,6.699999809265137,80.95238494873047,47.619049072265625,0,0,27.272727966308594,19.047618865966797,90,0,0,0,0,0,2.1233396530151367,34359738368,2147483648,13534707712,334757888
9,1760278327164,3504,3504,3504,3504,3504,3504,3504,3504,3504,3504,3504,3504,6.699999809265137,6.699999809265137,4.632999897003174,4.632999897003174,6.699999809265137,4.632999897003174,4.632999897003174,6.699999809265137,35,22.72727394104004,0,0,38.095237731933594,10,66.66667175292969,0,0,0,0,0,2.1233396530151367,34359738368,2147483648,13526122496,334757888
