Delta,Time,CPU_FREQUENCY_0,CPU_FREQUENCY_1,CPU_FREQUENCY_10,CPU_FREQUENCY_11,CPU_FREQUENCY_2,CPU_FREQUENCY_3,CPU_FREQUENCY_4,CPU_FREQUENCY_5,CPU_FREQUENCY_6,CPU_FREQUENCY_7,CPU_FREQUENCY_8,CPU_FREQUENCY_9,CPU_TEMP_0,CPU_TEMP_1,CPU_TEMP_2,CPU_TEMP_3,CPU_TEMP_4,CPU_TEMP_5,CPU_TEMP_6,CPU_TEMP_7,CPU_USAGE_0,CPU_USAGE_1,CPU_USAGE_10,CPU_USAGE_11,CPU_USAGE_2,CPU_USAGE_3,CPU_USAGE_4,CPU_USAGE_5,CPU_USAGE_6,CPU_USAGE_7,CPU_USAGE_8,CPU_USAGE_9,SYSTEM_POWER (Watts),TOTAL_MEMORY,TOTAL_SWAP,USED_MEMORY,USED_SWAP
0,1760279774861,3504,3504,3504,3504,3504,3504,3504,3504,3504,3504,3504,3504,6.699999809265137,6.699999809265137,4.632999897003174,4.632999897003174,6.700080394744873,4.632999897003174,4.632999897003174,6.699999809265137,75,75,0,0,50,0,0,0,0,0,0,0,2.19022274017334,34359738368,2147483648,14010515456,334757888
203,1760279774861,3504,3504,3504,3504,3504,3504,3504,3504,3504,3504,3504,3504,6.699999809265137,6.699999809265137,4.632999897003174,4.632999897003174,6.700080394744873,4.632999897003174,4.632999897003174,6.699999809265137,NaN,NaN,0,0,NaN,100,0,0,0,0,0,0,2.19022274017334,34359738368,2147483648,14010515456,334757888
209,1760279775065,3504,3504,3504,3504,3504,3504,3504,3504,3504,3504,3504,3504,6.699999809265137,6.699999809265137,4.632999897003174,4.632999897003174,6.700080394744873,4.632999897003174,4.632999897003174,6.699999809265137,28.571430206298828,47.619049072265625,0,0,5,26.3157901763916,0,0,0,0,0,90,2.19022274017334,34359738368,2147483648,14010515456,334757888
8,1760279775275,3504,3504,3504,3504,3504,3504,3504,3504,3504,3504,3504,3504,6.699999809265137,6.699999809265137,4.632999897003174,4.632999897003174,6.699999809265137,4.632999897003174,4.632999897003174,6.699999809265137,70,33.333335876464844,0,0,31.81818199157715,27.272727966308594,0,0,0,0,0,85.71428680419922,2.19022274017334,34359738368,2147483648,14010515456,334757888
