Delta,Time,CPU_FREQUENCY_0,CPU_FREQUENCY_1,CPU_FREQUENCY_10,CPU_FREQUENCY_11,CPU_FREQUENCY_2,CPU_FREQUENCY_3,CPU_FREQUENCY_4,CPU_FREQUENCY_5,CPU_FREQUENCY_6,CPU_FREQUENCY_7,CPU_FREQUENCY_8,CPU_FREQUENCY_9,CPU_TEMP_0,CPU_TEMP_1,CPU_TEMP_2,CPU_TEMP_3,CPU_TEMP_4,CPU_TEMP_5,CPU_TEMP_6,CPU_TEMP_7,CPU_USAGE_0,CPU_USAGE_1,CPU_USAGE_10,CPU_USAGE_11,CPU_USAGE_2,CPU_USAGE_3,CPU_USAGE_4,CPU_USAGE_5,CPU_USAGE_6,CPU_USAGE_7,CPU_USAGE_8,CPU_USAGE_9,SYSTEM_POWER (Watts),TOTAL_MEMORY,TOTAL_SWAP,USED_MEMORY,USED_SWAP
0,1758816608852,3504,3504,3504,3504,3504,3504,3504,3504,3504,3504,3504,3504,69.1284408569336,68.99816131591797,66.77033233642578,65.83361053466797,68.9007797241211,66.25486755371094,65.67767333984375,68.95575714111328,NaN,50,0,0,100,NaN,0,NaN,0,NaN,50,0,26.238500595092773,34359738368,3221225472,20917731328,1559625728
202,1758816608852,3504,3504,3504,3504,3504,3504,3504,3504,3504,3504,3504,3504,69.1284408569336,68.99816131591797,66.77033233642578,65.83361053466797,68.9007797241211,66.25486755371094,65.67767333984375,68.95575714111328,0,NaN,0,NaN,0,0,0,0,NaN,0,NaN,100,26.238500595092773,34359738368,3221225472,20917731328,1559625728
201,1758816609054,3504,3504,3504,3504,3504,3504,3504,3504,3504,3504,3504,3504,69.1284408569336,68.99816131591797,66.77033233642578,65.83361053466797,68.9007797241211,66.25486755371094,65.67767333984375,68.95575714111328,40,30.000001907348633,25,10,26.3157901763916,25,40,10,0,0,40,30.000001907348633,29.24559211730957,34359738368,3221225472,20917731328,1559625728
9,1758816609256,3504,3504,3504,3504,3504,3504,3504,3504,3504,3504,3504,3504,69.1284408569336,68.99816131591797,66.77033233642578,65.83361053466797,68.9007797241211,66.25486755371094,65.67767333984375,68.95575714111328,45,35,30.000001907348633,23.809524536132813,30.000001907348633,26.3157901763916,40,19.047618865966797,10,9.523809432983398,55,28.571430206298828,29.24559211730957,34359738368,3221225472,20917731328,1559625728
