Delta,Time,CPU_FREQUENCY_0,CPU_FREQUENCY_1,CPU_FREQUENCY_10,CPU_FREQUENCY_11,CPU_FREQUENCY_2,CPU_FREQUENCY_3,CPU_FREQUENCY_4,CPU_FREQUENCY_5,CPU_FREQUENCY_6,CPU_FREQUENCY_7,CPU_FREQUENCY_8,CPU_FREQUENCY_9,CPU_TEMP_0,CPU_TEMP_1,CPU_TEMP_2,CPU_TEMP_3,CPU_TEMP_4,CPU_TEMP_5,CPU_TEMP_6,CPU_TEMP_7,CPU_USAGE_0,CPU_USAGE_1,CPU_USAGE_10,CPU_USAGE_11,CPU_USAGE_2,CPU_USAGE_3,CPU_USAGE_4,CPU_USAGE_5,CPU_USAGE_6,CPU_USAGE_7,CPU_USAGE_8,CPU_USAGE_9,SYSTEM_POWER (Watts),TOTAL_MEMORY,TOTAL_SWAP,USED_MEMORY,USED_SWAP
0,1758816597132,3504,3504,3504,3504,3504,3504,3504,3504,3504,3504,3504,3504,69.25228881835938,68.9152603149414,66.98246002197266,66.2198257446289,69.16026306152344,66.75818634033203,66.48333740234375,69.52409362792969,0,50,NaN,0,0,0,100,0,0,0,0,100,23.909353256225586,34359738368,3221225472,20554334208,1559625728
203,1758816597132,3504,3504,3504,3504,3504,3504,3504,3504,3504,3504,3504,3504,69.25228881835938,68.9152603149414,66.98246002197266,66.2198257446289,69.16026306152344,66.75818634033203,66.48333740234375,69.52409362792969,NaN,NaN,0,NaN,NaN,NaN,0,NaN,NaN,NaN,100,100,23.909353256225586,34359738368,3221225472,20554432512,1559625728
201,1758816597336,3504,3504,3504,3504,3504,3504,3504,3504,3504,3504,3504,3504,69.25228881835938,68.9152603149414,66.98246002197266,66.2198257446289,69.16026306152344,66.75818634033203,66.48333740234375,69.52409362792969,28.571430206298828,25,25,15.000000953674316,19.047618865966797,14.285715103149414,60.000003814697266,35,14.285715103149414,10,50,33.333335876464844,23.909353256225586,34359738368,3221225472,20564869120,1559625728
7,1758816597537,3504,3504,3504,3504,3504,3504,3504,3504,3504,3504,3504,3504,70.81156921386719,71.56903076171875,68.70303344726563,67.43020629882813,70.09697723388672,67.26309204101563,66.84121704101563,69.98109436035156,30.000001907348633,21.052631378173828,10.526315689086914,5.263157844543457,25,15.000000953674316,45,9.523809432983398,20,4.761904716491699,40,10.526315689086914,23.909353256225586,34359738368,3221225472,20535689216,1559625728
