Delta,Time,CPU_FREQUENCY_0,CPU_FREQUENCY_1,CPU_FREQUENCY_10,CPU_FREQUENCY_11,CPU_FREQUENCY_2,CPU_FREQUENCY_3,CPU_FREQUENCY_4,CPU_FREQUENCY_5,CPU_FREQUENCY_6,CPU_FREQUENCY_7,CPU_FREQUENCY_8,CPU_FREQUENCY_9,CPU_TEMP_0,CPU_TEMP_1,CPU_TEMP_2,CPU_TEMP_3,CPU_TEMP_4,CPU_TEMP_5,CPU_TEMP_6,CPU_TEMP_7,CPU_USAGE_0,CPU_USAGE_1,CPU_USAGE_10,CPU_USAGE_11,CPU_USAGE_2,CPU_USAGE_3,CPU_USAGE_4,CPU_USAGE_5,CPU_USAGE_6,CPU_USAGE_7,CPU_USAGE_8,CPU_USAGE_9,SYSTEM_POWER (Watts),TOTAL_MEMORY,TOTAL_SWAP,USED_MEMORY,USED_SWAP
0,1758816577530,3504,3504,3504,3504,3504,3504,3504,3504,3504,3504,3504,3504,70.34136199951172,70.26209259033203,67.74317932128906,66.76409149169922,69.8544692993164,67.05231475830078,66.52205657958984,69.79319763183594,0,50,0,NaN,0,0,0,50,NaN,100,NaN,NaN,28.57344627380371,34359738368,3221225472,20578107392,1559625728
204,1758816577530,3504,3504,3504,3504,3504,3504,3504,3504,3504,3504,3504,3504,70.34136199951172,70.26209259033203,67.74317932128906,66.76409149169922,69.8544692993164,67.05231475830078,66.52205657958984,69.79319763183594,NaN,0,NaN,50,0,NaN,100,100,100,0,100,100,28.57344627380371,34359738368,3221225472,20579090432,1559625728
200,1758816577735,3504,3504,3504,3504,3504,3504,3504,3504,3504,3504,3504,3504,70.34136199951172,70.26209259033203,67.74317932128906,66.76409149169922,69.8544692993164,67.05231475830078,66.52205657958984,69.79319763183594,33.333335876464844,33.333335876464844,18.18181800842285,5,28.571430206298828,20,52.6315803527832,15.000000953674316,9.523809432983398,9.523809432983398,42.85714340209961,20,28.57344627380371,34359738368,3221225472,20593836032,1559625728
8,1758816577936,3504,3504,3504,3504,3504,3504,3504,3504,3504,3504,3504,3504,70.34136199951172,70.26209259033203,67.74317932128906,66.76409149169922,69.8544692993164,67.05231475830078,66.52205657958984,69.79319763183594,30.000001907348633,31.57894515991211,10.526315689086914,19.047618865966797,26.3157901763916,23.809524536132813,47.619049072265625,10.526315689086914,0,0,40,20,26.101232528686523,34359738368,3221225472,20593164288,1559625728
