Delta,Time,CPU_FREQUENCY_0,CPU_FREQUENCY_1,CPU_FREQUENCY_10,CPU_FREQUENCY_11,CPU_FREQUENCY_2,CPU_FREQUENCY_3,CPU_FREQUENCY_4,CPU_FREQUENCY_5,CPU_FREQUENCY_6,CPU_FREQUENCY_7,CPU_FREQUENCY_8,CPU_FREQUENCY_9,CPU_TEMP_0,CPU_TEMP_1,CPU_TEMP_2,CPU_TEMP_3,CPU_TEMP_4,CPU_TEMP_5,CPU_TEMP_6,CPU_TEMP_7,CPU_USAGE_0,CPU_USAGE_1,CPU_USAGE_10,CPU_USAGE_11,CPU_USAGE_2,CPU_USAGE_3,CPU_USAGE_4,CPU_USAGE_5,CPU_USAGE_6,CPU_USAGE_7,CPU_USAGE_8,CPU_USAGE_9,SYSTEM_POWER (Watts),TOTAL_MEMORY,TOTAL_SWAP,USED_MEMORY,USED_SWAP
0,1758816602893,3504,3504,3504,3504,3504,3504,3504,3504,3504,3504,3504,3504,68.95333099365234,68.8798828125,66.78101348876953,65.80416107177734,68.8785171508789,66.32610321044922,65.92871856689453,68.98921966552734,50,0,0,0,0,NaN,66.66667175292969,0,0,0,0,0,27.578161239624023,34359738368,3221225472,20558594048,1559625728
200,1758816602894,3504,3504,3504,3504,3504,3504,3504,3504,3504,3504,3504,3504,68.95333099365234,68.8798828125,66.78101348876953,65.80416107177734,68.8785171508789,66.32610321044922,65.92871856689453,68.98921966552734,NaN,NaN,NaN,NaN,NaN,0,NaN,100,0,0,NaN,0,27.578161239624023,34359738368,3221225472,20559380480,1559625728
200,1758816603094,3504,3504,3504,3504,3504,3504,3504,3504,3504,3504,3504,3504,68.95333099365234,68.8798828125,66.78101348876953,65.80416107177734,68.8785171508789,66.32610321044922,65.92871856689453,68.98921966552734,30.000001907348633,30.000001907348633,5,5,21.052631378173828,30.000001907348633,31.57894515991211,42.105262756347656,19.047618865966797,14.285715103149414,35,5,27.578161239624023,34359738368,3221225472,20559380480,1559625728
200,1758816603295,3504,3504,3504,3504,3504,3504,3504,3504,3504,3504,3504,3504,68.95333099365234,68.8798828125,66.78101348876953,65.80416107177734,68.8785171508789,66.32610321044922,65.92871856689453,68.98921966552734,35,30.000001907348633,0,0,25,21.052631378173828,52.38095474243164,28.571430206298828,21.052631378173828,10,33.333335876464844,5.263157844543457,27.578161239624023,34359738368,3221225472,20559380480,1559625728
9,1758816603496,3504,3504,3504,3504,3504,3504,3504,3504,3504,3504,3504,3504,71.8712158203125,71.91082763671875,69.06013488769531,67.99263000488281,70.1469497680664,67.16960906982422,66.79364776611328,69.96775817871094,42.105262756347656,35,0,0,30.000001907348633,33.333335876464844,26.3157901763916,21.052631378173828,5,5.263157844543457,5,0,27.578161239624023,34359738368,3221225472,20552876032,1559625728
