Delta,Time,CPU_FREQUENCY_0,CPU_FREQUENCY_1,CPU_FREQUENCY_10,CPU_FREQUENCY_11,CPU_FREQUENCY_2,CPU_FREQUENCY_3,CPU_FREQUENCY_4,CPU_FREQUENCY_5,CPU_FREQUENCY_6,CPU_FREQUENCY_7,CPU_FREQUENCY_8,CPU_FREQUENCY_9,CPU_TEMP_0,CPU_TEMP_1,CPU_TEMP_2,CPU_TEMP_3,CPU_TEMP_4,CPU_TEMP_5,CPU_TEMP_6,CPU_TEMP_7,CPU_USAGE_0,CPU_USAGE_1,CPU_USAGE_10,CPU_USAGE_11,CPU_USAGE_2,CPU_USAGE_3,CPU_USAGE_4,CPU_USAGE_5,CPU_USAGE_6,CPU_USAGE_7,CPU_USAGE_8,CPU_USAGE_9,SYSTEM_POWER (Watts),TOTAL_MEMORY,TOTAL_SWAP,USED_MEMORY,USED_SWAP
0,1758822786600,3504,3504,3504,3504,3504,3504,3504,3504,3504,3504,3504,3504,66.31480407714844,66.1978530883789,64.20856475830078,63.2457389831543,66.15913391113281,63.821048736572266,63.454830169677734,66.52375030517578,0,0,0,0,NaN,0,0,0,0,100,0,0,10.825214385986328,34359738368,3221225472,18392924160,1458962432
204,1758822786600,3504,3504,3504,3504,3504,3504,3504,3504,3504,3504,3504,3504,66.31480407714844,66.1978530883789,64.20856475830078,63.2457389831543,66.15913391113281,63.821048736572266,63.454830169677734,66.52375030517578,NaN,0,NaN,0,50,NaN,NaN,100,100,0,NaN,0,10.825214385986328,34359738368,3221225472,18393792512,1458962432
204,1758822786805,3504,3504,3504,3504,3504,3504,3504,3504,3504,3504,3504,3504,66.31480407714844,66.1978530883789,64.20856475830078,63.2457389831543,66.15913391113281,63.821048736572266,63.454830169677734,66.52375030517578,25,25,4.761904716491699,0,20,23.809524536132813,42.85714340209961,28.571430206298828,25,19.047618865966797,42.85714340209961,15.000000953674316,10.825214385986328,34359738368,3221225472,18420973568,1458962432
7,1758822787010,3504,3504,3504,3504,3504,3504,3504,3504,3504,3504,3504,3504,66.31480407714844,66.1978530883789,64.20856475830078,63.2457389831543,66.15913391113281,63.821048736572266,63.454830169677734,66.52375030517578,28.571430206298828,25,0,4.761904716491699,19.047618865966797,9.523809432983398,25,35,9.523809432983398,15.000000953674316,25,4.761904716491699,9.43499755859375,34359738368,3221225472,18406113280,1458962432
