Delta,Time,CPU_FREQUENCY_0,CPU_FREQUENCY_1,CPU_FREQUENCY_10,CPU_FREQUENCY_11,CPU_FREQUENCY_2,CPU_FREQUENCY_3,CPU_FREQUENCY_4,CPU_FREQUENCY_5,CPU_FREQUENCY_6,CPU_FREQUENCY_7,CPU_FREQUENCY_8,CPU_FREQUENCY_9,CPU_TEMP_0,CPU_TEMP_1,CPU_TEMP_2,CPU_TEMP_3,CPU_TEMP_4,CPU_TEMP_5,CPU_TEMP_6,CPU_TEMP_7,CPU_USAGE_0,CPU_USAGE_1,CPU_USAGE_10,CPU_USAGE_11,CPU_USAGE_2,CPU_USAGE_3,CPU_USAGE_4,CPU_USAGE_5,CPU_USAGE_6,CPU_USAGE_7,CPU_USAGE_8,CPU_USAGE_9,SYSTEM_POWER (Watts),TOTAL_MEMORY,TOTAL_SWAP,USED_MEMORY,USED_SWAP
0,1758816605970,3504,3504,3504,3504,3504,3504,3504,3504,3504,3504,3504,3504,68.9954833984375,68.78910827636719,66.6317367553711,65.73163604736328,68.65412902832031,66.0622787475586,65.61418151855469,68.78821563720703,NaN,100,0,0,100,0,0,0,50,50,0,0,24.168441772460938,34359738368,3221225472,20685717504,1559625728
200,1758816605970,3504,3504,3504,3504,3504,3504,3504,3504,3504,3504,3504,3504,68.9954833984375,68.78910827636719,66.6317367553711,65.73163604736328,68.65412902832031,66.0622787475586,65.61418151855469,68.78821563720703,0,NaN,0,0,0,NaN,NaN,0,0,0,NaN,0,24.168441772460938,34359738368,3221225472,20685717504,1559625728
204,1758816606171,3504,3504,3504,3504,3504,3504,3504,3504,3504,3504,3504,3504,68.9954833984375,68.78910827636719,66.6317367553711,65.73163604736328,68.65412902832031,66.0622787475586,65.61418151855469,68.78821563720703,60.000003814697266,60.000003814697266,0,5,52.6315803527832,47.619049072265625,40,25,15.789472579956055,10,45,5,24.168441772460938,34359738368,3221225472,20685717504,1559625728
15,1758816606376,3504,3504,3504,3504,3504,3504,3504,3504,3504,3504,3504,3504,68.9954833984375,68.78910827636719,66.6317367553711,65.73163604736328,68.65412902832031,66.0622787475586,65.61418151855469,68.78821563720703,60.000003814697266,60.000003814697266,0,0,55,50,31.81818199157715,20,9.523809432983398,5,13.636363983154297,15.000000953674316,24.168441772460938,34359738368,3221225472,20685717504,1559625728
