Delta,Time,CPU_FREQUENCY_0,CPU_FREQUENCY_1,CPU_FREQUENCY_10,CPU_FREQUENCY_11,CPU_FREQUENCY_2,CPU_FREQUENCY_3,CPU_FREQUENCY_4,CPU_FREQUENCY_5,CPU_FREQUENCY_6,CPU_FREQUENCY_7,CPU_FREQUENCY_8,CPU_FREQUENCY_9,CPU_TEMP_0,CPU_TEMP_1,CPU_TEMP_2,CPU_TEMP_3,CPU_TEMP_4,CPU_TEMP_5,CPU_TEMP_6,CPU_TEMP_7,CPU_USAGE_0,CPU_USAGE_1,CPU_USAGE_10,CPU_USAGE_11,CPU_USAGE_2,CPU_USAGE_3,CPU_USAGE_4,CPU_USAGE_5,CPU_USAGE_6,CPU_USAGE_7,CPU_USAGE_8,CPU_USAGE_9,SYSTEM_POWER (Watts),TOTAL_MEMORY,TOTAL_SWAP,USED_MEMORY,USED_SWAP
0,1758816594061,3504,3504,3504,3504,3504,3504,3504,3504,3504,3504,3504,3504,73.48224639892578,72.52132415771484,70.10147094726563,69.4155044555664,72.34412384033203,69.25167846679688,68.87479400634766,72.39009094238281,50,0,NaN,0,NaN,50,0,0,0,0,0,NaN,27.11073112487793,34359738368,3221225472,20551909376,1559625728
204,1758816594061,3504,3504,3504,3504,3504,3504,3504,3504,3504,3504,3504,3504,73.48224639892578,72.52132415771484,70.10147094726563,69.4155044555664,72.34412384033203,69.25167846679688,68.87479400634766,72.39009094238281,NaN,NaN,0,0,50,NaN,50,0,NaN,NaN,NaN,50,27.11073112487793,34359738368,3221225472,20551974912,1559625728
204,1758816594266,3504,3504,3504,3504,3504,3504,3504,3504,3504,3504,3504,3504,73.48224639892578,72.52132415771484,70.10147094726563,69.4155044555664,72.34412384033203,69.25167846679688,68.87479400634766,72.39009094238281,35,40,42.85714340209961,25,30.000001907348633,20,60.000003814697266,33.333335876464844,19.047618865966797,18.18181800842285,66.66667175292969,45,27.11073112487793,34359738368,3221225472,20560658432,1559625728
204,1758816594471,3504,3504,3504,3504,3504,3504,3504,3504,3504,3504,3504,3504,72.30180358886719,73.79553985595703,70.44075012207031,68.81690216064453,70.89964294433594,68.12010192871094,67.88968658447266,71.21695709228516,30.000001907348633,30.000001907348633,15.000000953674316,14.285715103149414,28.571430206298828,23.809524536132813,55,10,0,5.263157844543457,45,20,27.11073112487793,34359738368,3221225472,20568358912,1559625728
9,1758816594676,3504,3504,3504,3504,3504,3504,3504,3504,3504,3504,3504,3504,72.30180358886719,73.79553985595703,70.44075012207031,68.81690216064453,70.89964294433594,68.12010192871094,67.88968658447266,71.21695709228516,38.095237731933594,28.571430206298828,20,20,20,25,28.571430206298828,4.761904716491699,4.761904716491699,4.761904716491699,38.095237731933594,28.571430206298828,27.11073112487793,34359738368,3221225472,20565917696,1559625728
