Delta,Time,CPU_FREQUENCY_0,CPU_FREQUENCY_1,CPU_FREQUENCY_10,CPU_FREQUENCY_11,CPU_FREQUENCY_2,CPU_FREQUENCY_3,CPU_FREQUENCY_4,CPU_FREQUENCY_5,CPU_FREQUENCY_6,CPU_FREQUENCY_7,CPU_FREQUENCY_8,CPU_FREQUENCY_9,CPU_TEMP_0,CPU_TEMP_1,CPU_TEMP_2,CPU_TEMP_3,CPU_TEMP_4,CPU_TEMP_5,CPU_TEMP_6,CPU_TEMP_7,CPU_USAGE_0,CPU_USAGE_1,CPU_USAGE_10,CPU_USAGE_11,CPU_USAGE_2,CPU_USAGE_3,CPU_USAGE_4,CPU_USAGE_5,CPU_USAGE_6,CPU_USAGE_7,CPU_USAGE_8,CPU_USAGE_9,SYSTEM_POWER (Watts),TOTAL_MEMORY,TOTAL_SWAP,USED_MEMORY,USED_SWAP
0,1758816600000,3504,3504,3504,3504,3504,3504,3504,3504,3504,3504,3504,3504,69.91104888916016,69.39183807373047,67.36126708984375,66.6155776977539,69.49454498291016,66.97637939453125,66.77945709228516,69.93834686279297,50,NaN,50,50,NaN,0,0,NaN,50,0,100,NaN,25.76427459716797,34359738368,3221225472,20524810240,1559625728
201,1758816600001,3504,3504,3504,3504,3504,3504,3504,3504,3504,3504,3504,3504,69.91104888916016,69.39183807373047,67.36126708984375,66.6155776977539,69.49454498291016,66.97637939453125,66.77945709228516,69.93834686279297,NaN,0,NaN,NaN,0,NaN,100,0,0,NaN,NaN,100,25.76427459716797,34359738368,3221225472,20524924928,1559625728
203,1758816600203,3504,3504,3504,3504,3504,3504,3504,3504,3504,3504,3504,3504,69.91104888916016,69.39183807373047,67.36126708984375,66.6155776977539,69.49454498291016,66.97637939453125,66.77945709228516,69.93834686279297,35,35,5,0,30.000001907348633,25,45,18.18181800842285,10,4.761904716491699,42.85714340209961,21.052631378173828,25.76427459716797,34359738368,3221225472,20536360960,1559625728
35,1758816600406,3504,3504,3504,3504,3504,3504,3504,3504,3504,3504,3504,3504,69.91104888916016,69.39183807373047,67.36126708984375,66.6155776977539,69.49454498291016,67.06945037841797,66.65249633789063,69.81663513183594,30.000001907348633,30.000001907348633,0,0,30.000001907348633,23.809524536132813,42.85714340209961,20,20,5,52.6315803527832,14.285715103149414,25.76427459716797,34359738368,3221225472,20536442880,1559625728
