Delta,Time,CPU_FREQUENCY_0,CPU_FREQUENCY_1,CPU_FREQUENCY_10,CPU_FREQUENCY_11,CPU_FREQUENCY_2,CPU_FREQUENCY_3,CPU_FREQUENCY_4,CPU_FREQUENCY_5,CPU_FREQUENCY_6,CPU_FREQUENCY_7,CPU_FREQUENCY_8,CPU_FREQUENCY_9,CPU_TEMP_0,CPU_TEMP_1,CPU_TEMP_2,CPU_TEMP_3,CPU_TEMP_4,CPU_TEMP_5,CPU_TEMP_6,CPU_TEMP_7,CPU_USAGE_0,CPU_USAGE_1,CPU_USAGE_10,CPU_USAGE_11,CPU_USAGE_2,CPU_USAGE_3,CPU_USAGE_4,CPU_USAGE_5,CPU_USAGE_6,CPU_USAGE_7,CPU_USAGE_8,CPU_USAGE_9,SYSTEM_POWER (Watts),TOTAL_MEMORY,TOTAL_SWAP,USED_MEMORY,USED_SWAP
0,1760282175936,3504,3504,3504,3504,3504,3504,3504,3504,3504,3504,3504,3504,6.700080394744873,6.699999809265137,4.632999897003174,4.632999897003174,6.699999809265137,4.632999897003174,4.632999897003174,6.699999809265137,50,40,0,0,66.66667175292969,50,0,0,0,0,0,0,2.2246999740600586,34359738368,2147483648,13727662080,334757888
209,1760282175936,3504,3504,3504,3504,3504,3504,3504,3504,3504,3504,3504,3504,6.700080394744873,6.699999809265137,4.632999897003174,4.632999897003174,6.699999809265137,4.632999897003174,4.632999897003174,6.699999809265137,0,100,0,0,100,0,0,0,0,0,NaN,0,2.2246999740600586,34359738368,2147483648,13728743424,334757888
209,1760282176146,3504,3504,3504,3504,3504,3504,3504,3504,3504,3504,3504,3504,6.700080394744873,6.699999809265137,4.632999897003174,4.632999897003174,6.699999809265137,4.632999897003174,4.632999897003174,6.699999809265137,20,25,0,0,38.095237731933594,50,94.73684692382813,0,0,0,0,0,2.2246999740600586,34359738368,2147483648,13728759808,334757888
9,1760282176356,3504,3504,3504,3504,3504,3504,3504,3504,3504,3504,3504,3504,6.699999809265137,6.699999809265137,4.632999897003174,4.632999897003174,6.699999809265137,4.632999897003174,4.632999897003174,6.699999809265137,23.809524536132813,42.85714340209961,0,0,42.85714340209961,9.090909004211426,61.904762268066406,0,0,0,0,0,2.2246999740600586,34359738368,2147483648,13719945216,334757888
