Delta,Time,CPU_FREQUENCY_0,CPU_FREQUENCY_1,CPU_FREQUENCY_10,CPU_FREQUENCY_11,CPU_FREQUENCY_2,CPU_FREQUENCY_3,CPU_FREQUENCY_4,CPU_FREQUENCY_5,CPU_FREQUENCY_6,CPU_FREQUENCY_7,CPU_FREQUENCY_8,CPU_FREQUENCY_9,CPU_TEMP_0,CPU_TEMP_1,CPU_TEMP_2,CPU_TEMP_3,CPU_TEMP_4,CPU_TEMP_5,CPU_TEMP_6,CPU_TEMP_7,CPU_USAGE_0,CPU_USAGE_1,CPU_USAGE_10,CPU_USAGE_11,CPU_USAGE_2,CPU_USAGE_3,CPU_USAGE_4,CPU_USAGE_5,CPU_USAGE_6,CPU_USAGE_7,CPU_USAGE_8,CPU_USAGE_9,SYSTEM_POWER (Watts),TOTAL_MEMORY,TOTAL_SWAP,USED_MEMORY,USED_SWAP
0,1760277501003,3504,3504,3504,3504,3504,3504,3504,3504,3504,3504,3504,3504,6.700079441070557,6.699999809265137,4.632999897003174,4.632999897003174,6.699999809265137,4.632999897003174,4.632999897003174,6.699999809265137,66.66667175292969,0,0,0,33.333335876464844,25,0,0,0,0,0,0,2.670743703842163,34359738368,2147483648,13262733312,334757888
204,1760277501003,3504,3504,3504,3504,3504,3504,3504,3504,3504,3504,3504,3504,6.700079441070557,6.699999809265137,4.632999897003174,4.632999897003174,6.699999809265137,4.632999897003174,4.632999897003174,6.699999809265137,100,50,0,0,100,0,0,0,0,0,0,0,2.670743703842163,34359738368,2147483648,13262848000,334757888
209,1760277501208,3504,3504,3504,3504,3504,3504,3504,3504,3504,3504,3504,3504,6.700079441070557,6.699999809265137,4.632999897003174,4.632999897003174,6.699999809265137,4.632999897003174,4.632999897003174,6.699999809265137,0,10,0,0,100,0,0,0,0,0,94.73684692382813,0,2.670743703842163,34359738368,2147483648,13271187456,334757888
4,1760277501418,3504,3504,3504,3504,3504,3504,3504,3504,3504,3504,3504,3504,6.700079441070557,6.699999809265137,4.632999897003174,4.632999897003174,6.699999809265137,4.632999897003174,4.632999897003174,6.699999809265137,4.545454502105713,0,0,0,100,0,0,0,0,0,81.81818389892578,0,2.670743703842163,34359738368,2147483648,13262766080,334757888
